,0,1,2,3,4,5,6,7,8,9,10,11,12,13,14,15,16,17,18,19,20,21,22,23,24,25,26,27,28,29,30,31,32,33,34,35,36,37,38,39,40,41,42,43,44,45,46,47,48,49,50,51,52,53,54,55,56,57,58,59,60,61,62,63,64,65,66,67,68,69,70,71,72,73,74,75,76,77,78,79,80,81,82,83,84,85,86,87,88,89,90,91,92,93,94,95,96,97,98,99,100,101,102,103,104,105,106,107,108,109,110,111,112,113,114,115,116,117,118,119,120,121,122,123,124,125,126,127,128,129,130,131,132,133,134,135,136,137,138,139,140,141,142,143,144,145,146,147,148,149,150,151,152,153,154,155,156,157,158,159,160,161,162,163,164,165,166,167,168,169,170,171,172,173,174,175,176,177,178,179,180,181,182,183,184,185,186,187,188,189,190,191,192,193,194,195,196,197,198,199
L0,-1738.469663064464,-1831.4705252402002,-1660.4510034069854,-1874.70132932493,-1600.9857260029164,-1626.0932361135608,-1755.7949521937367,-1648.263827168872,-1645.2514044290683,-1606.0503843978413,-1724.5398186504626,-1643.088394726731,-1818.9628364994173,-1673.5548536876247,-1655.9410351289448,-1563.655175404717,-1784.6049262284785,-1658.137101937901,-1816.8690840717243,-1629.5274252252746,-1551.64714762057,-1744.8176060705969,-1802.802890122574,-1805.2287006134718,-1637.8897680377513,-1872.3683774607312,-1742.8750310476116,-1866.0559597587476,-1719.2868057150174,-1762.4324782794877,-1732.3624147216567,-1558.933384483465,-1666.556345155172,-1860.0425389266497,-1806.2193936630708,-1571.9982212068926,-1728.9005026896398,-1642.1627695213601,-1730.3016372665209,-1806.5088957607747,-1657.7158150417063,-1733.902623042528,-1937.8573617418685,-1815.1579966921997,-1825.5252364977723,-1865.914569569175,-1516.9349986537288,-1656.2560012558038,-1763.946848058693,-1617.3600807593803,-1702.2456305232936,-1602.9711839199065,-1798.638869749818,-1755.5892501015376,-1844.6115950285293,-1577.6749187247983,-1874.8409952920695,-1663.3424402957821,-1936.1345953277091,-1877.6185155249705,-1884.349899163781,-1593.3440463305642,-1563.321175296625,-1874.7027483614177,-1783.7654125133342,-1851.9475955214484,-1740.43201615504,-2038.4255823665424,-1810.4228699188916,-1555.8088252054692,-1965.1624937039742,-1840.6666399569744,-1870.756108064553,-1667.2774116160685,-1620.4456698106603,-1784.7811811664556,-1932.1939180151894,-1552.1679825328604,-1617.2031430920788,-1622.9704151158376,-1790.3164472893118,-1573.9319488396902,-1713.356136168952,-1738.335483771755,-1767.4537296875617,-1586.5975871745388,-1889.7424708405363,-1929.5233719862022,-1640.9456819805694,-1609.57343696742,-1518.5381333619061,-1649.9191743684246,-1803.3740832108617,-1782.047245953046,-1743.3085745880248,-1635.655849218931,-1806.7954461882425,-1730.0360732968832,-1596.7471090849544,-1647.1230034800499,,,,,,,,,,,,,,,,,,,,,,,,,,,,,,,,,,,,,,,,,,,,,,,,,,,,,,,,,,,,,,,,,,,,,,,,,,,,,,,,,,,,,,,,,,,,,,,,,,,,
LL,-1689.6058105309412,-1778.0837794466054,-1609.2092140012287,-1814.8664629642594,-1553.9675952380696,-1581.383690764467,-1687.7793840524794,-1606.7737400157273,-1599.528921780981,-1562.0199833412016,-1682.848661552853,-1596.4830192898787,-1776.3892148906386,-1630.1197215197533,-1597.1848012053283,-1517.1949679517909,-1751.034015322934,-1604.71773068521,-1772.6901314276497,-1581.0793527353535,-1506.6082712421896,-1697.4823638813364,-1745.9731555001647,-1753.2895029345368,-1587.0499447878556,-1821.1464593798055,-1695.6540417642864,-1784.546270776542,-1698.3201321255542,-1708.7392204190214,-1698.626954968528,-1490.5307901457807,-1609.2839738819637,-1801.9863045599434,-1741.4425730770065,-1513.2763897358534,-1657.17279942611,-1626.6851635418654,-1677.3607753149029,-1752.6781548757112,-1611.4084924843946,-1695.2490843967785,-1874.086443055611,-1773.9394319101666,-1771.331394908297,-1800.8551924456328,-1486.5852015994951,-1602.7847640840996,-1715.4655305149622,-1572.3321245965517,-1650.6732626202986,-1545.4748137539923,-1733.9325508068391,-1702.8087705983548,-1778.766023852772,-1528.8014183420828,-1831.419006378423,-1636.4703401310646,-1877.9064794465367,-1821.8417900853888,-1824.5477615745451,-1551.6861941462932,-1517.1051908028248,-1813.1280079946794,-1744.515627048455,-1792.919528020137,-1697.75554385496,-1979.8127827651297,-1750.3133729118174,-1525.5457807057994,-1876.6149844930212,-1771.983960105793,-1818.91726651454,-1625.444451837377,-1564.1156260300313,-1701.524821073869,-1891.8392300662892,-1500.1216830681963,-1559.7915913250083,-1570.813184607391,-1752.199880403898,-1520.686340233287,-1663.8272715863814,-1673.7571853841123,-1693.8747332892474,-1560.9302902072882,-1837.3915932246182,-1876.500633577829,-1613.2246418364132,-1579.7891655422554,-1471.791026146772,-1610.9235260582348,-1739.4565978252217,-1747.541532148357,-1698.1266669770957,-1602.4142041236296,-1741.899671661417,-1678.2267090992777,-1538.3283175673532,-1583.6420406982356,,,,,,,,,,,,,,,,,,,,,,,,,,,,,,,,,,,,,,,,,,,,,,,,,,,,,,,,,,,,,,,,,,,,,,,,,,,,,,,,,,,,,,,,,,,,,,,,,,,,
Lv,0.0,0.0,0.0,0.0,0.0,0.0,0.0,0.0,0.0,0.0,0.0,0.0,0.0,0.0,0.0,0.0,0.0,0.0,0.0,0.0,0.0,0.0,0.0,0.0,0.0,0.0,0.0,0.0,0.0,0.0,0.0,0.0,0.0,0.0,0.0,0.0,0.0,0.0,0.0,0.0,0.0,0.0,0.0,0.0,0.0,0.0,0.0,0.0,0.0,0.0,0.0,0.0,0.0,0.0,0.0,0.0,0.0,0.0,0.0,0.0,0.0,0.0,0.0,0.0,0.0,0.0,0.0,0.0,0.0,0.0,0.0,0.0,0.0,0.0,0.0,0.0,0.0,0.0,0.0,0.0,0.0,0.0,0.0,0.0,0.0,0.0,0.0,0.0,0.0,0.0,0.0,0.0,0.0,0.0,0.0,0.0,0.0,0.0,0.0,0.0,,,,,,,,,,,,,,,,,,,,,,,,,,,,,,,,,,,,,,,,,,,,,,,,,,,,,,,,,,,,,,,,,,,,,,,,,,,,,,,,,,,,,,,,,,,,,,,,,,,,
runtime,32.80885720252991,25.183627605438232,30.907360076904297,28.345093965530396,27.134840965270996,33.73025417327881,29.291886806488037,26.272498846054077,26.174324989318848,30.44800901412964,25.623297929763794,25.923677921295166,25.107569217681885,23.51087212562561,33.786426305770874,30.724613666534424,26.469439029693604,26.55727219581604,29.785929918289185,27.1690411567688,26.52275776863098,30.931859970092773,32.890949964523315,27.464537858963013,32.54981303215027,25.858784675598145,29.943904876708984,29.607685089111328,28.75975513458252,31.386107921600342,26.467522144317627,32.59231495857239,27.331642866134644,31.339401960372925,31.96552014350891,33.8834228515625,30.2265522480011,27.09502387046814,30.93301796913147,33.554649114608765,29.958849668502808,30.611872911453247,33.13455009460449,25.299967050552368,28.717260122299194,24.41719079017639,31.4654700756073,29.660473823547363,29.933513879776,30.326839923858643,29.297394037246704,29.863695859909058,31.412342071533203,31.162091970443726,33.38131093978882,27.08148193359375,28.034857988357544,32.39352297782898,27.038608074188232,25.35084104537964,28.44285297393799,27.146567821502686,31.644963026046753,29.691675186157227,29.042315006256104,28.900638818740845,30.860152006149292,29.554712057113647,23.61262607574463,31.236284017562866,24.042989253997803,31.114829778671265,28.70454978942871,28.4050030708313,30.612497091293335,26.77610182762146,27.86818790435791,30.393120050430298,24.122642278671265,24.76969313621521,29.82453203201294,30.89795994758606,29.62123417854309,25.16452693939209,27.735970973968506,31.077868938446045,26.418477773666382,27.494871139526367,24.65629816055298,31.309834003448486,33.51688599586487,33.10931587219238,29.83045196533203,24.70624828338623,28.232365131378174,27.863826990127563,24.827542781829834,32.03541707992554,36.359437227249146,32.359052658081055,,,,,,,,,,,,,,,,,,,,,,,,,,,,,,,,,,,,,,,,,,,,,,,,,,,,,,,,,,,,,,,,,,,,,,,,,,,,,,,,,,,,,,,,,,,,,,,,,,,,
gamma,1.0,1.0,1.0,1.0,1.0,1.0,1.0,1.0,1.0,1.0,1.0,1.0,1.0,1.0,1.0,1.0,1.0,1.0,1.0,1.0,1.0,1.0,1.0,1.0,1.0,1.0,1.0,1.0,1.0,1.0,1.0,1.0,1.0,1.0,1.0,1.0,1.0,1.0,1.0,1.0,1.0,1.0,1.0,1.0,1.0,1.0,1.0,1.0,1.0,1.0,1.0,1.0,1.0,1.0,1.0,1.0,1.0,1.0,1.0,1.0,1.0,1.0,1.0,1.0,1.0,1.0,1.0,1.0,1.0,1.0,1.0,1.0,1.0,1.0,1.0,1.0,1.0,1.0,1.0,1.0,1.0,1.0,1.0,1.0,1.0,1.0,1.0,1.0,1.0,1.0,1.0,1.0,1.0,1.0,1.0,1.0,1.0,1.0,1.0,1.0,,,,,,,,,,,,,,,,,,,,,,,,,,,,,,,,,,,,,,,,,,,,,,,,,,,,,,,,,,,,,,,,,,,,,,,,,,,,,,,,,,,,,,,,,,,,,,,,,,,,
beta_length_g,-0.289561112021277,-0.29152970037942727,-0.31482450069270973,-0.2788722787690834,-0.30838815383334633,-0.2968446873655628,-0.28874856367690377,-0.2954084874704024,-0.3192205017184743,-0.30107498923182074,-0.29343301170647057,-0.30787217924132043,-0.27578241610020493,-0.2974097886099849,-0.30594937039814035,-0.32450255466766775,-0.2810657461696729,-0.28712567689519264,-0.2867721192219782,-0.31398157121831405,-0.30443862911180997,-0.28484880085945635,-0.31229893431148925,-0.31156456183866565,-0.30859131582073174,-0.27867311767264513,-0.2780378170206389,-0.26434721249775606,-0.28653792813915857,-0.27551913419949076,-0.2800576174527318,-0.31423521338741695,-0.28115221822636793,-0.2890725562169627,-0.2777816682695079,-0.3042938890311287,-0.2890510723955863,-0.3077652914499864,-0.30276559505380624,-0.28763042364764335,-0.3092507344265375,-0.283926200525433,-0.2827622377329158,-0.2809516613287343,-0.29294023939403446,-0.2726702191509508,-0.3054666078350707,-0.28198327378478566,-0.2747840617450327,-0.3039404994423331,-0.2853266013211102,-0.29075002210046647,-0.2900338595441711,-0.29282546948170657,-0.2735649384714658,-0.30719747406858344,-0.2914966792118776,-0.2975053368427245,-0.27009649613098274,-0.28499982936109175,-0.27594008577259604,-0.29904769532377307,-0.30862150941777,-0.2982509017100303,-0.29453955232077583,-0.2637731023757805,-0.2967046830422053,-0.259908591462832,-0.28031973092167495,-0.2958171174292136,-0.2595073256526091,-0.2817181391838563,-0.2922764075485595,-0.3103443657549238,-0.311409167655265,-0.27055055049639265,-0.27559827035645207,-0.2877525766359813,-0.32478363731519755,-0.33418488449022543,-0.27615931939245314,-0.32419001749166737,-0.30249668098124954,-0.29983484985437464,-0.2672521237261192,-0.3016372501201144,-0.27576472985430595,-0.2724610634301154,-0.2866623446945795,-0.3026658560616733,-0.2995453510183162,-0.27658382894641736,-0.2764741306059444,-0.28579912276789454,-0.2812999555024577,-0.30018033789653376,-0.2875079161003374,-0.26532351391532916,-0.2912795486056031,-0.28380003229776757,,,,,,,,,,,,,,,,,,,,,,,,,,,,,,,,,,,,,,,,,,,,,,,,,,,,,,,,,,,,,,,,,,,,,,,,,,,,,,,,,,,,,,,,,,,,,,,,,,,,
se_length_g,0.5407644105414188,0.11914293265399331,0.4337117298780154,0.08603294194376625,0.16714777156494384,0.1358007966336531,0.23210815662560788,0.7303210554989019,0.7467760323924434,0.1977359842064036,0.3762493569070292,0.7166919297685279,0.3834995298892793,0.11647178895511091,1.0824152904642137,0.2986864355705943,0.07025723497941595,0.14604846966420632,0.5511794996261519,0.24218242319380168,0.1538013716736103,0.2335415365446121,0.2838910652469676,0.4456608524808487,0.25720619979184334,0.3138806597307379,0.024008703256017547,0.09993567636963957,0.101446983563681,0.33683615474332657,0.09028478450788888,0.23228811082559303,0.14834661825085493,0.4169375299971575,0.07230157299945357,0.5240704919942515,0.12432908634299486,0.17362530313523722,0.3916229791186203,0.3029413495925068,0.19962447414611295,0.7897233454625278,0.10830540756276054,0.05511692470007055,0.21115149368833483,0.24117296683808892,0.41855765464940065,0.03292572144257199,0.47966530687797415,0.07449056019771527,0.32367358225335463,0.1396089342724521,0.1672201157908412,0.5197812969565904,0.03255868664511023,0.37227482228369524,0.1788352794367893,0.15970223848327145,0.12241679430865765,0.22027745733920773,0.11289663727917433,0.09957998152620531,0.1008220378595116,0.14658168616610986,0.1441083138362344,0.20172338320880862,0.4837231234063274,0.06602923616651987,0.2741312695365365,0.34538224885164287,0.23620721912168494,0.19055812432395547,0.1444214140164205,0.2674678084544737,0.1594145328416848,0.7301098344902318,0.23657656597002102,0.03543437032606353,0.45960228649008483,0.36593307758955773,0.25611825056484944,0.24764322016928414,0.08047694386771792,0.2183488245612053,0.13798501245643377,1.1358663122289385,0.2141636109423819,0.3473220997302485,0.4800831861219255,0.5193717221353356,0.2576799955030483,0.07578687724335288,0.08280462464468895,0.2981701445232357,0.2114034033810437,0.39540007191473214,0.2518032487956792,0.20871540941815073,0.29500027815012525,0.1355536886069599,,,,,,,,,,,,,,,,,,,,,,,,,,,,,,,,,,,,,,,,,,,,,,,,,,,,,,,,,,,,,,,,,,,,,,,,,,,,,,,,,,,,,,,,,,,,,,,,,,,,
t_length_g,-0.5354662887880611,-2.4468904188053497,-0.7258842198740081,-3.24145928836611,-1.8450030828770263,-2.1858832549145815,-1.2440259225472083,-0.4044912648295494,-0.4274648460473335,-1.52261102317901,-0.779889736207516,-0.4295739444711688,-0.7191206106036856,-2.5534920625681194,-0.2826543315615288,-1.0864321777711656,-4.000523878459206,-1.965961557525047,-0.5202880720645215,-1.2964672129283987,-1.9794272690745218,-1.219692244360323,-1.1000660906316602,-0.6991068659144892,-1.1997817940254718,-0.8878314385846662,-11.580709464221123,-2.6451735966642707,-2.824509098974747,-0.8179618794468184,-3.1019359350440827,-1.3527821646599536,-1.8952384728510494,-0.6933234247800467,-3.8419865121275754,-0.5806354177148872,-2.324886966499231,-1.7725831770630065,-0.7731047747382063,-0.9494591082879293,-1.5491624248446851,-0.35952615831451984,-2.6107859625481904,-5.097375495051426,-1.3873462805165944,-1.1306002605756702,-0.7298077204941833,-8.564224607093637,-0.5728662419501129,-4.080255251613148,-0.8815257622655518,-2.0826032632915656,-1.7344435995185248,-0.563362843557955,-8.402210490039858,-0.8251900361783826,-1.6299730127628946,-1.8628751836430126,-2.206367987793982,-1.2938220406376733,-2.444183391310786,-3.003090488072406,-3.0610520871221856,-2.0347078104426037,-2.043876196174861,-1.3075980492689971,-0.613377092566595,-3.9362653053772365,-1.0225748102199397,-0.856491954675645,-1.0986426520644181,-1.4783842997159524,-2.0237747257849734,-1.160305487034894,-1.9534553224487172,-0.37056143845164485,-1.1649432361418919,-8.120719346445581,-0.7066623619206129,-0.913240439185052,-1.0782492804921346,-1.3091011224537352,-3.758799308761915,-1.3731919576710523,-1.936819941299778,-0.2655569998622498,-1.287635787615185,-0.7844622143011494,-0.5971097363567667,-0.5827538219010044,-1.1624703362538387,-3.6494949918348296,-3.338873061647014,-0.9585101929801791,-1.330631158266781,-0.7591812931214325,-1.1417958961031118,-1.2712214908088888,-0.9873873693684158,-2.093635630385908,,,,,,,,,,,,,,,,,,,,,,,,,,,,,,,,,,,,,,,,,,,,,,,,,,,,,,,,,,,,,,,,,,,,,,,,,,,,,,,,,,,,,,,,,,,,,,,,,,,,
b0_length_g,-0.3,-0.3,-0.3,-0.3,-0.3,-0.3,-0.3,-0.3,-0.3,-0.3,-0.3,-0.3,-0.3,-0.3,-0.3,-0.3,-0.3,-0.3,-0.3,-0.3,-0.3,-0.3,-0.3,-0.3,-0.3,-0.3,-0.3,-0.3,-0.3,-0.3,-0.3,-0.3,-0.3,-0.3,-0.3,-0.3,-0.3,-0.3,-0.3,-0.3,-0.3,-0.3,-0.3,-0.3,-0.3,-0.3,-0.3,-0.3,-0.3,-0.3,-0.3,-0.3,-0.3,-0.3,-0.3,-0.3,-0.3,-0.3,-0.3,-0.3,-0.3,-0.3,-0.3,-0.3,-0.3,-0.3,-0.3,-0.3,-0.3,-0.3,-0.3,-0.3,-0.3,-0.3,-0.3,-0.3,-0.3,-0.3,-0.3,-0.3,-0.3,-0.3,-0.3,-0.3,-0.3,-0.3,-0.3,-0.3,-0.3,-0.3,-0.3,-0.3,-0.3,-0.3,-0.3,-0.3,-0.3,-0.3,-0.3,-0.3,,,,,,,,,,,,,,,,,,,,,,,,,,,,,,,,,,,,,,,,,,,,,,,,,,,,,,,,,,,,,,,,,,,,,,,,,,,,,,,,,,,,,,,,,,,,,,,,,,,,
beta_crosswalk_g,-0.8160086896574705,-0.8086060103370664,-0.7886201228762776,-0.8123050698581867,-0.8653948230800171,-0.8633619077208324,-0.7245682349240916,-0.9541837461551028,-0.8285090965221196,-0.8288830648503936,-0.8397459147975174,-0.8798319040975471,-0.7681723064492199,-0.8928803155813282,-0.810667789612793,-0.9223907270803473,-0.8908592384823983,-0.718319391461062,-0.7934609355529629,-0.7770891781569529,-0.8294956465072312,-0.8216402390002379,-0.9264857544937072,-0.8620061752769467,-0.8653575493436836,-0.8341545683101421,-0.7959955619694588,-0.7289269410728237,-0.8907808283042343,-0.7250558828023024,-0.8253294635850937,-0.7332840221045196,-0.8473189481245529,-0.8172460969652482,-0.7618141349041218,-0.9233950640186632,-0.8824794210559455,-1.0127023964540602,-0.7509184060725003,-0.717125042714194,-0.8851223311028569,-0.7648984533070194,-0.7574780475099633,-0.7542525209626405,-0.8471198616015684,-0.8170844756704131,-0.9614571417489529,-0.8837213465405428,-0.7657775159450111,-0.858611298640602,-0.8013461049180324,-0.8315431547581568,-0.8272669376784032,-0.8036238863907786,-0.7204563840328015,-0.8225590718924456,-0.8525537434415895,-0.8105903780551956,-0.786524367803609,-0.7604701098235317,-0.6968015796975217,-0.855718258098222,-0.8545022247651429,-0.8335852485322682,-0.815610227592311,-0.7197240266841881,-0.8981042896432524,-0.7787560373453503,-0.8024641162289415,-0.9228376765419446,-0.6580123544951862,-0.7403454852022362,-0.7516700613571679,-0.8265287804928585,-0.8353641893708679,-0.7937334221596825,-0.8809994593027455,-0.8810502431061927,-0.8565778379930586,-0.7628147719587731,-0.8215099107949371,-0.8635970466865739,-0.8318021898499606,-0.8216887941806725,-0.7210705415553952,-0.9190840778022065,-0.779249724880499,-0.8038119915116323,-0.9113781891449547,-0.92327105581464,-0.9180320697075635,-0.8174264809796935,-0.7434064992584194,-0.8731716085783559,-0.7923004090325013,-0.8671583259379493,-0.7684268225602695,-0.7043052462180263,-0.784877534029289,-0.7685068508110496,,,,,,,,,,,,,,,,,,,,,,,,,,,,,,,,,,,,,,,,,,,,,,,,,,,,,,,,,,,,,,,,,,,,,,,,,,,,,,,,,,,,,,,,,,,,,,,,,,,,
se_crosswalk_g,0.9936034561418553,1.4961456103032338,0.9738585422460273,0.6306836202572914,2.1638943808686033,2.791827949265327,1.4589008931401424,1.049384843721198,4.261799699271359,0.600408871436651,0.9697208902058286,2.8433097004046344,1.5598271638369905,2.403187775818321,3.7955134869167084,0.8270547234489751,0.979627070965902,0.752811802808946,1.5094684681187132,1.0539003936531914,2.4594412823396974,2.0837141477366634,3.341235286862949,2.7829307388753457,2.8232603037905366,2.915308423167916,0.8375027244256716,1.9355790838946727,0.22639560268615908,2.959631844432012,2.8221957575140646,2.7991763417745075,0.8659983968833963,0.5066595880335444,1.4030621610759864,2.1319811414351686,0.8580628505921987,3.5800686574650498,1.7462996371843218,3.7466322166958133,1.1823924629983116,2.607220770324132,2.1279804913959874,0.5884157097640439,0.581910968646939,5.276673674192689,2.0247949557038885,0.1870102152181985,0.7236288377909251,0.8432486588242724,0.387857644680442,0.6176702215907974,2.855409330792486,4.380832821916634,0.238898454636612,3.704956630482435,1.2712926205698794,3.193344760667377,2.6352618271881196,3.072985038517127,0.29569819166023625,5.719512349737463,0.47339125797759746,2.0039869466522746,0.9594963416120146,2.8332783835948905,0.20532960934829875,2.5954284295321592,4.022889747403983,2.622776170583434,2.681098361655418,0.15494592371410226,0.4797495689456889,2.8264419022392473,1.2948644773939173,1.6868128142037206,1.8847345800151687,0.21547996257381313,3.307303136365878,0.6392895431017938,0.8339375195394826,3.4009215801147987,5.661188513280728,2.08829933140943,2.6620760062580633,3.4864318432668804,3.177841998032497,0.6862788273665851,1.1284197461679137,6.126677338671915,2.1441372455778454,0.24688249021564077,0.5020303140801093,1.4721807933452233,1.9146548913829853,0.9772019466172259,5.149414182645406,1.5821795798631433,1.4728943177875748,1.528552852630529,,,,,,,,,,,,,,,,,,,,,,,,,,,,,,,,,,,,,,,,,,,,,,,,,,,,,,,,,,,,,,,,,,,,,,,,,,,,,,,,,,,,,,,,,,,,,,,,,,,,
t_crosswalk_g,-0.8212619275963652,-0.5404594344083801,-0.8097891928508107,-1.2879755296749291,-0.3999247055360628,-0.3092461009096306,-0.49665350013223236,-0.9092791380248024,-0.19440357477705253,-1.3805310085892841,-0.8659666129490895,-0.30943934949201535,-0.4924727073989446,-0.37153997060312494,-0.21358580134340144,-1.1152716995966154,-0.9093860968991195,-0.9541818935101929,-0.5256558532434085,-0.7373459416437705,-0.3372699533278231,-0.3943152374776099,-0.27728839035564445,-0.30974762082124463,-0.30651001191135163,-0.286129097587455,-0.9504393702304945,-0.37659372698227056,-3.9346207158408433,-0.24498178182747896,-0.2924423160185339,-0.2619642111006347,-0.978430157808527,-1.613008253010976,-0.5429653482493594,-0.43311596245971895,-1.0284554569014326,-0.28287233942913476,-0.4300054756257393,-0.191405241090526,-0.7485859042592027,-0.2933769406922631,-0.35596099239286083,-1.2818361380342778,-1.4557551021443946,-0.15484839998096414,-0.4748417310308427,-4.725524461374692,-1.0582462665290624,-1.0182183981623518,-2.0660830485325765,-1.3462574780058747,-0.28971921074755497,-0.18344089333205588,-3.015743174767231,-0.22201584362010127,-0.6706195958719695,-0.25383741462534426,-0.2984615644976906,-0.2474695126372947,-2.356462093275707,-0.14961384918375098,-1.8050654936377828,-0.41596341229906686,-0.8500399555688084,-0.25402517128267343,-4.373963854963588,-0.3000491281070407,-0.19947454854977836,-0.3518552924539726,-0.2454264132588194,-4.778089461509689,-1.5667967414938153,-0.2924273022693449,-0.6451363860503353,-0.470552165288342,-0.4674395369217744,-4.088780379309687,-0.25899586541507086,-1.1932226644247026,-0.9850976740422852,-0.2539303028143986,-0.14693066445298797,-0.3934727085441819,-0.27086775128143886,-0.26361739426433184,-0.24521348933111128,-1.1712615331527128,-0.8076588452479435,-0.15069686304302393,-0.42815919158204524,-3.310994150560083,-1.4808000202549392,-0.593114386850718,-0.413808468877757,-0.8873890693114008,-0.14922606636499106,-0.44514873986614584,-0.5328810930632474,-0.5027676010603787,,,,,,,,,,,,,,,,,,,,,,,,,,,,,,,,,,,,,,,,,,,,,,,,,,,,,,,,,,,,,,,,,,,,,,,,,,,,,,,,,,,,,,,,,,,,,,,,,,,,
b0_crosswalk_g,-1.2,-1.2,-1.2,-1.2,-1.2,-1.2,-1.2,-1.2,-1.2,-1.2,-1.2,-1.2,-1.2,-1.2,-1.2,-1.2,-1.2,-1.2,-1.2,-1.2,-1.2,-1.2,-1.2,-1.2,-1.2,-1.2,-1.2,-1.2,-1.2,-1.2,-1.2,-1.2,-1.2,-1.2,-1.2,-1.2,-1.2,-1.2,-1.2,-1.2,-1.2,-1.2,-1.2,-1.2,-1.2,-1.2,-1.2,-1.2,-1.2,-1.2,-1.2,-1.2,-1.2,-1.2,-1.2,-1.2,-1.2,-1.2,-1.2,-1.2,-1.2,-1.2,-1.2,-1.2,-1.2,-1.2,-1.2,-1.2,-1.2,-1.2,-1.2,-1.2,-1.2,-1.2,-1.2,-1.2,-1.2,-1.2,-1.2,-1.2,-1.2,-1.2,-1.2,-1.2,-1.2,-1.2,-1.2,-1.2,-1.2,-1.2,-1.2,-1.2,-1.2,-1.2,-1.2,-1.2,-1.2,-1.2,-1.2,-1.2,,,,,,,,,,,,,,,,,,,,,,,,,,,,,,,,,,,,,,,,,,,,,,,,,,,,,,,,,,,,,,,,,,,,,,,,,,,,,,,,,,,,,,,,,,,,,,,,,,,,
beta_sidewalklen_g,0.06161842193512861,0.0599882479961452,0.07996159759206023,0.052747514782162226,0.07184866106006092,0.06310938320297114,0.0587180423529459,0.0634172077547172,0.08296661047744017,0.06706570589944218,0.06298162655948125,0.05990837349480818,0.06787390346464878,0.060850179736615585,0.06604006218542209,0.07104929116270155,0.06426051358921318,0.05897915080712207,0.07002695427235694,0.07116986413662602,0.07142190048974911,0.06204463570954078,0.05799705233201897,0.0692243115118879,0.06572683055930266,0.0545145739379901,0.06443692823585248,0.04790598888561246,0.07903510084020622,0.06173806889104339,0.06939570135313805,0.06205079982318508,0.05104252541339014,0.062268312107884485,0.05907489303036311,0.051895695767482604,0.04722075143265253,0.0808153870800933,0.07452448344596913,0.06562141524356546,0.06615841348808857,0.06849132385464408,0.06202175790398668,0.06697897461669247,0.05723325238621762,0.04387455750883299,0.07595090029036157,0.055421719975363166,0.05936906255750547,0.06669830436846641,0.05579310132744735,0.05317387515743431,0.05498851531271602,0.06325989981190012,0.06016031039144652,0.07072527759889664,0.06756164229325788,0.08704011932812096,0.05845337383566569,0.06443943928649282,0.062419519035721155,0.08457477497688362,0.06763255688640228,0.059611156688517956,0.06757519146386992,0.05697565823201491,0.06708145592919615,0.051806895649002836,0.049903659311387114,0.07111651684134732,0.0392016346812971,0.05480858386026945,0.06946898115858277,0.07248126716233634,0.05932333723260223,0.03849647977436,0.06093069367127412,0.052778728315056284,0.06879892634884731,0.09370775269767079,0.06957390709218308,0.07139571276154391,0.06559282791585763,0.05269098191478975,0.05161622135107658,0.0779722580395249,0.055642581025713074,0.057633420829518806,0.06786573653968286,0.07512776697356108,0.06324906381608554,0.07137861219705419,0.049251062901385534,0.06451247386725543,0.062021686573355626,0.0703732984358485,0.054273114440266154,0.0587202526828177,0.06708753315299552,0.044660854127122535,,,,,,,,,,,,,,,,,,,,,,,,,,,,,,,,,,,,,,,,,,,,,,,,,,,,,,,,,,,,,,,,,,,,,,,,,,,,,,,,,,,,,,,,,,,,,,,,,,,,
se_sidewalklen_g,0.23599636744343824,0.1579450738080035,0.2909188736846111,0.07413978163513639,0.006823082888480837,0.3101611336389716,0.16173431309339914,0.18682200744186492,0.16829594609707005,0.12381527176680841,0.3602478026322547,0.7448816905677258,0.27282151640102165,0.3656197239518749,0.2924148175558681,0.1233339244269613,0.06439575612917661,0.07982577368149711,0.10592691395042383,0.1117011223784461,0.18249890821787101,0.29678640385868693,0.1568415099494964,0.1843978846594562,0.03051509417680651,0.1898095321462526,0.19818937614433418,0.2399213175618175,0.1075313812766628,0.4415099573871912,0.04376519525900536,0.35934796217784865,0.1702538649203645,0.11210835728872985,0.12243709257322134,0.6310429146464945,0.16854061412565075,0.25727859036222583,0.18230351444370416,0.08119950486347892,0.028944459508512894,0.18046733161313172,0.05162239310333418,0.153821706696888,0.20715507440630276,0.2771911131639228,0.1234210880568663,0.012955287159979595,0.3658704046297205,0.07768897608461971,0.2383033678826212,0.04592547384826114,0.07293805083049293,0.21479302699429575,0.006275075427570013,0.20283482380234388,0.10984330814991976,0.23377740729307184,0.04504298047848145,0.14569757448601495,0.04443132011415688,0.10735623467698618,0.17302263571480717,0.09682245055363228,0.03696286356145516,0.3872893341059684,0.08054892014525103,0.04780340149951867,0.2678776005191132,0.23234201824214443,0.30246109919923947,0.1725452788430978,0.02448038181290604,0.06609659902996039,0.025198386723440342,0.44615358804087213,0.2038197235827534,0.0663616488593707,0.5800826460949128,0.058845778657376106,0.17842300614566456,0.269859382741929,0.32390837897219826,0.17001113699221618,0.03408675621029275,0.05328904293406044,0.22139706915604687,0.15282223519641505,0.3485800312131556,0.0943988693305836,0.23110199930600403,0.04425428890170271,0.07769660492219883,0.15407274561964796,0.22012276966167646,0.8968951895585493,0.21918903660261566,0.15461772685541317,0.22426102509477722,0.09162929728248002,,,,,,,,,,,,,,,,,,,,,,,,,,,,,,,,,,,,,,,,,,,,,,,,,,,,,,,,,,,,,,,,,,,,,,,,,,,,,,,,,,,,,,,,,,,,,,,,,,,,
t_sidewalklen_g,0.26109902708522337,0.3798044886734887,0.27485874869276317,0.7114603471824104,10.530234240794643,0.20347289314602082,0.36305247309540994,0.33945255499115273,0.49298044546828557,0.5416594006735501,0.17482862101944216,0.08042669628400702,0.24878500918850038,0.16643024363922188,0.22584376105634463,0.5760725728368202,0.9978998221607627,0.7388484707012981,0.6610874579536143,0.6371454701726345,0.39135522062676753,0.20905484517775608,0.36978126741252526,0.37540729732193256,2.153912099319667,0.2872067241385189,0.325128064326341,0.19967374876252558,0.73499568127801,0.13983392188117952,1.58563673582283,0.17267608656279196,0.29980244758182173,0.5554297075954413,0.4824917987580799,0.08223798185984574,0.28017431690054495,0.3141162541597895,0.4087934545495693,0.8081504358172508,2.2857021554895725,0.3795220067943882,1.2014506530109088,0.4354325280545567,0.2762821647031605,0.15828269892219396,0.6153802521605317,4.2779229276034405,0.1622680102196022,0.8585298420694574,0.23412636515875354,1.1578296466384224,0.7539071127703784,0.29451561206211835,9.587185219659306,0.34868409809065226,0.6150729018562178,0.3723204921124149,1.297724378243372,0.4422821691700719,1.4048540280898114,0.7877956527755701,0.3908884904393716,0.6156749426156891,1.828191459017187,0.14711393579567436,0.8328039135500578,1.0837491480501544,0.18629276660191102,0.30608547424784105,0.1296088481628968,0.3176475428812459,2.837740917993312,1.0965960159233292,2.3542514004445283,0.08628526320589254,0.29894405016468134,0.7953197249046892,0.11860193855478736,1.5924294798319378,0.389937982747488,0.2645663531729813,0.2025042640884804,0.3099266486124504,1.5142602902029931,1.4631949411440421,0.251324831163391,0.3771271945829437,0.1946919802132417,0.7958545214187325,0.27368462413142924,1.6129196506941919,0.6338895110114898,0.41871437811924445,0.28175952296385104,0.07846323545395104,0.24760870927436932,0.3797769756227787,0.29914931997052535,0.4874080174317992,,,,,,,,,,,,,,,,,,,,,,,,,,,,,,,,,,,,,,,,,,,,,,,,,,,,,,,,,,,,,,,,,,,,,,,,,,,,,,,,,,,,,,,,,,,,,,,,,,,,
b0_sidewalklen_g,0.1,0.1,0.1,0.1,0.1,0.1,0.1,0.1,0.1,0.1,0.1,0.1,0.1,0.1,0.1,0.1,0.1,0.1,0.1,0.1,0.1,0.1,0.1,0.1,0.1,0.1,0.1,0.1,0.1,0.1,0.1,0.1,0.1,0.1,0.1,0.1,0.1,0.1,0.1,0.1,0.1,0.1,0.1,0.1,0.1,0.1,0.1,0.1,0.1,0.1,0.1,0.1,0.1,0.1,0.1,0.1,0.1,0.1,0.1,0.1,0.1,0.1,0.1,0.1,0.1,0.1,0.1,0.1,0.1,0.1,0.1,0.1,0.1,0.1,0.1,0.1,0.1,0.1,0.1,0.1,0.1,0.1,0.1,0.1,0.1,0.1,0.1,0.1,0.1,0.1,0.1,0.1,0.1,0.1,0.1,0.1,0.1,0.1,0.1,0.1,,,,,,,,,,,,,,,,,,,,,,,,,,,,,,,,,,,,,,,,,,,,,,,,,,,,,,,,,,,,,,,,,,,,,,,,,,,,,,,,,,,,,,,,,,,,,,,,,,,,
beta_greenlen_l,0.0960603835980151,0.1344031460350409,0.11406054096860069,0.1316757083332842,0.0988010428084329,0.05599346483043139,0.09520694350465352,0.040420981163798206,-0.022278408019950926,0.09603789169335467,0.08494893294380157,0.12193571822056112,0.14971259689534716,0.06926019721497095,0.11009745983365837,0.11794887342064599,0.07896121680576629,0.1299664666694776,0.07460789101440268,0.07782732550260758,0.10009969520046272,0.030332577404502667,0.024425581434635794,0.07720883236236245,0.04301466608539514,0.07225347269901479,0.08068275492786742,0.04497712389828094,0.07498424584394496,-0.011470764198696625,0.10318405447080371,0.047516172805120035,0.14668760423992339,0.12312556209524661,0.08026591382390505,-0.02042730150911162,0.08034308932346874,0.05685623319852086,0.08649845170879449,0.02892509166947098,0.019612642602676936,0.08089311957030093,0.06516532220330488,-0.012046180206755876,0.11711105934818791,0.11946536831425004,-0.02675049789367777,0.02278665410254134,0.07071359293212831,0.1133068896455123,0.07145648761469983,0.04775290782108891,0.06493384610418731,0.10288967989837904,0.010907138097200147,0.0700079419731471,0.08563645827161606,0.06911023540928848,0.03687954219365462,0.0234203030299449,0.1326250274390433,0.13414735762605867,0.1197353703442826,0.07906484810388749,0.15901402317317392,0.09479198514189091,0.16662415216615534,0.08192104543834879,0.055114064920188124,0.08655748592398727,0.09992796844542547,0.13653482801942998,0.18258727058490948,0.08769134726794413,0.09251478934173334,0.07843758843214381,0.10543563060735814,0.08710158994169176,0.1220587950357596,0.14778990462768513,0.11518285125305382,0.11068427158743112,0.03268960522661833,0.1237019560055831,0.054931498909459045,0.06317301199223008,0.08089913424808988,0.12899557299521314,0.055560303026443186,0.17149791168972137,0.05016559479307208,0.011749626130724337,0.12712340349425374,0.10508018816710595,0.0764954646281883,0.04953453466376524,0.11434885964232724,0.031110436687017278,0.12429880277641896,0.1344672419067206,,,,,,,,,,,,,,,,,,,,,,,,,,,,,,,,,,,,,,,,,,,,,,,,,,,,,,,,,,,,,,,,,,,,,,,,,,,,,,,,,,,,,,,,,,,,,,,,,,,,
se_greenlen_l,2.110358153344494,0.5786679191033296,1.1988933709771594,0.24879493220900503,0.8857265243584707,4.955280686380265,0.8900181558191411,2.2592733860430445,0.91336882570616,1.646659090027163,1.7268738593150097,1.185790326606292,0.8739134018198063,0.4287863039156704,1.828189500141876,2.0006336886148692,0.47353651270073105,0.17229566999441606,2.055528429812492,0.6819773329566814,1.1805688762966913,1.1426196673270208,1.0431243493075706,0.11971039459285213,0.503069379275467,0.8564270052699406,0.47378842877096194,2.7818735360093148,0.696035223255551,2.9973359421065937,0.6927486552449978,0.5115878969276865,0.9735892402416243,0.951083627923164,1.936760839126786,0.6510449145051438,1.2281530926459197,0.2745841800653045,2.4192830036298023,0.3656971747321908,0.16499290646273018,3.4841699492990785,1.4469365004753418,0.2779052614732183,1.7671012158663495,1.666096485168509,1.1301132816257844,0.3681874302237452,1.6545297448421368,1.3447874791800698,0.5186397557995,2.07079471565147,1.0571078320159946,1.6325634209588373,0.408238487831977,2.2117835756894224,0.3462238303556759,4.0724320288609706,1.128608983229363,0.6237425392991053,0.330613815420688,0.3118960630332003,0.6131137622572315,1.2205699654933198,2.4257137358699583,2.3110207229371085,0.8387739878155372,0.400009839411979,0.7789084402152978,3.096357596094997,0.9386424943294983,1.6951726082061025,1.1137033739158024,0.7740554886995467,0.7735454207283379,1.1421050918853444,0.6086623361947581,0.619499537880433,1.968745708039409,2.4526934931958464,0.9212016598573163,1.2644236690365347,1.0265469964359433,1.0114007498902666,2.464701033035185,2.909724280863906,1.617271403721588,1.8644254778925504,1.810900945869014,1.5590567916400335,4.1159922887948985,1.7889479135644046,0.2256333055701511,0.8995373151201613,0.8506283054844073,0.3846565566915018,2.1683522074907557,0.45529023193370743,1.5253655973857234,1.7431802311344036,,,,,,,,,,,,,,,,,,,,,,,,,,,,,,,,,,,,,,,,,,,,,,,,,,,,,,,,,,,,,,,,,,,,,,,,,,,,,,,,,,,,,,,,,,,,,,,,,,,,
t_greenlen_l,0.04551852179488049,0.232262998514423,0.09513818637235062,0.5292539810363479,0.11154802311017413,0.011299756436468085,0.10697191162019434,0.017891142087320677,-0.02439146968118454,0.05832287464660973,0.04919232084357211,0.10283075808987134,0.17131285157498552,0.16152614153597683,0.06022212676810271,0.05895575691435418,0.16674789522654773,0.7543223034780252,0.036296209739705966,0.11412010596479914,0.0847893733353906,0.026546521359518488,0.023415790697292778,0.6449634772732807,0.08550444105213863,0.08436617744934483,0.17029279321397472,0.01616792543445452,0.10773053336758262,-0.0038269865041002777,0.14894876184828043,0.09287978290822721,0.1506668296822165,0.1294581869357903,0.041443379173287075,-0.031376178592283935,0.06541781297833031,0.20706303321989894,0.035753754967490545,0.0790957482530554,0.11886961096177298,0.02321732887529624,0.04503675329352534,-0.043346355311508794,0.06627297762950854,0.07170375148001547,-0.02367063402280736,0.061888734465198963,0.04273939054439622,0.08425635381034083,0.13777672616814218,0.023060184314825188,0.0614259436337284,0.06302338921568502,0.02671756441957357,0.03165225691276115,0.2473442055783442,0.01697026123935532,0.03267698799289082,0.037548029121538054,0.4011478687612773,0.43010276026401506,0.19529062584318194,0.06477698971720292,0.06555349908844256,0.041017367001979305,0.1986520261555837,0.2047975758765686,0.07075807896619282,0.027954615459516084,0.10646009428414717,0.08054331892721912,0.16394605140049917,0.11328819257553505,0.11959839314235135,0.06867808311988345,0.17322516005593805,0.1405999272246477,0.061998253272289194,0.060256165329127885,0.12503543607476167,0.08753732969248378,0.03184423639649524,0.12230755812570272,0.0222872868446089,0.02171099592071102,0.05002199016314061,0.06918784071810852,0.030681028221441975,0.11000106770281019,0.012187971034260567,0.006567897277296181,0.563407087322621,0.11681581897808119,0.0899281908854731,0.12877600498954295,0.05273537170174636,0.06833099966780556,0.08148787607997113,0.07713903560001584,,,,,,,,,,,,,,,,,,,,,,,,,,,,,,,,,,,,,,,,,,,,,,,,,,,,,,,,,,,,,,,,,,,,,,,,,,,,,,,,,,,,,,,,,,,,,,,,,,,,
b0_greenlen_l,0.0,0.0,0.0,0.0,0.0,0.0,0.0,0.0,0.0,0.0,0.0,0.0,0.0,0.0,0.0,0.0,0.0,0.0,0.0,0.0,0.0,0.0,0.0,0.0,0.0,0.0,0.0,0.0,0.0,0.0,0.0,0.0,0.0,0.0,0.0,0.0,0.0,0.0,0.0,0.0,0.0,0.0,0.0,0.0,0.0,0.0,0.0,0.0,0.0,0.0,0.0,0.0,0.0,0.0,0.0,0.0,0.0,0.0,0.0,0.0,0.0,0.0,0.0,0.0,0.0,0.0,0.0,0.0,0.0,0.0,0.0,0.0,0.0,0.0,0.0,0.0,0.0,0.0,0.0,0.0,0.0,0.0,0.0,0.0,0.0,0.0,0.0,0.0,0.0,0.0,0.0,0.0,0.0,0.0,0.0,0.0,0.0,0.0,0.0,0.0,,,,,,,,,,,,,,,,,,,,,,,,,,,,,,,,,,,,,,,,,,,,,,,,,,,,,,,,,,,,,,,,,,,,,,,,,,,,,,,,,,,,,,,,,,,,,,,,,,,,
mu_g,1.2800868159963894,1.224430946125985,1.2358777975665372,1.2416196976592666,1.2362619118802265,1.1767133331254638,1.3919480300562939,1.2106407097205192,1.1826691883870106,1.230289127243587,1.1740145746906392,1.0796535527706872,1.2566985236590287,1.1851553270798674,1.3148193600565075,1.0824670211535476,1.1591777860053947,1.3112430596251805,1.3170907080820211,1.1204497243693265,1.2887351781821879,1.3240680157773863,1.1323621409415483,1.1885747413206476,1.1708003932195143,1.2916817565119727,1.4609250035676717,1.7223835222162296,1.2088685029999322,1.4282821807089916,1.2854363545309562,1.2507075118025608,1.3185754054028629,1.2911446959849642,1.5252611352549081,1.2292441760235118,1.3614430439006375,1.043131963328292,1.2689118234093277,1.3182489210877995,1.1631193724400852,1.3136797790398698,1.5583100207409428,1.2061240649238205,1.1870183319467864,1.1943333031711905,1.2577783109575993,1.4543891195208873,1.3441046661166642,1.1744088275763949,1.3610277227728533,1.3614608990672785,1.4071980028455877,1.3023043708261046,1.720478859358292,1.2974247918066597,1.2951088812840963,1.2004060871878774,1.539088959213859,1.3420803692366627,1.4238462292041245,1.3838377035382023,1.22420353132413,1.1935638077616022,1.1597627645691435,1.5487926700478445,1.1440475856058898,1.5498152310158022,1.3277085305541416,1.2006009616545446,1.5363109811869584,1.369702242183487,1.193741367139822,1.1852743046480312,1.1637606374094778,1.4574441280854011,1.2878082938514122,1.3076263932559198,1.0951062491754129,1.0737999233101079,1.3260844794328461,1.1454300655193588,1.2590650292974543,1.1554182909760047,1.7372618128913688,1.1482217834609487,1.3235226343738162,1.3065772014974233,1.2007949111336256,1.1168452528956283,1.2942919489286562,1.468141560734204,1.337684408722696,1.2233601340307236,1.30194096156596,1.1823198511750201,1.2878649410105532,1.4342779692769263,1.598616404025946,1.2788610285519304,,,,,,,,,,,,,,,,,,,,,,,,,,,,,,,,,,,,,,,,,,,,,,,,,,,,,,,,,,,,,,,,,,,,,,,,,,,,,,,,,,,,,,,,,,,,,,,,,,,,
se_mu_g,4.748750072893599,1.5873297488906075,2.164707304780259,0.5443363369270978,0.36204438084180224,0.6207708521947838,2.383175156369719,1.8280983163657754,3.1762606837090326,1.8417332875459673,2.9307506072513148,1.701610994386247,2.1424060080242375,3.6278297194084157,1.551245121532015,0.6480807750604902,0.2890622754922347,2.1958464130869872,4.970393682093879,2.9248203764938787,0.7596376621318115,2.7325146655418235,1.8332123579234347,1.8019037746494926,1.5242007810094682,3.8291245755495074,0.8872465297781497,11.221002133493606,0.2763953526382479,2.4203929812829004,1.7855623184994398,2.32154307660221,0.45076994691726824,3.0354666989444214,2.899668411254563,2.7346241782667944,1.522409593927898,0.594276343043517,2.990563453445277,2.481623470707465,0.9568685822653689,2.3135182909094434,0.4344985528843045,0.83520918339733,2.021546901975477,2.0501103310375117,3.6678525610250126,0.5164129746653331,7.237745058052952,0.7934935184932657,1.937973243684249,0.6369666148766852,1.4037835960110379,2.95679316365981,0.6096900635145885,2.283818503192924,0.35379666077805794,2.398713822671982,5.480239658407947,1.0287717034661619,1.410862481597735,4.7422827989798035,1.4578218641695324,0.4969497429317142,1.4020490461017074,1.2977944278743805,2.8222889728646843,2.702098928610549,2.940148182671498,0.9681956081350662,3.4653497686576618,0.9644982507176287,1.8637778369805935,0.7161130370412397,1.0014012354184285,3.858515626715248,2.094201090544679,0.7620333873321786,0.5362487027129227,2.7673608188803485,1.1389792211652365,1.1287396368398752,2.31230019124666,2.0480989447145626,2.64748640849327,1.1172998394305174,0.4031971581564664,3.143263785766163,2.8237155340329876,0.9360764241934947,3.327500329668159,0.6660988833627101,1.5109988281746052,3.7213826946908584,3.0287910704110312,0.9805480944397338,0.8344045940248166,1.4028985524186708,2.0090694916485,0.7741019449377771,,,,,,,,,,,,,,,,,,,,,,,,,,,,,,,,,,,,,,,,,,,,,,,,,,,,,,,,,,,,,,,,,,,,,,,,,,,,,,,,,,,,,,,,,,,,,,,,,,,,
t_mu_g,0.05898116592725242,0.14138898756407792,0.10896521531832741,0.4438794202556174,0.6525772098185464,0.2846675750007914,0.1644646340864625,0.1152239503941281,0.057510767086567126,0.12503934679403966,0.05937542903176042,0.04681067120127382,0.11981786958101388,0.05103749111743325,0.20294623698515857,0.12724805969726596,0.5506695252237118,0.1417417255461076,0.0637958939197026,0.04118192191813001,0.3800959228007403,0.11859699048060833,0.07220229580575219,0.1046530586003846,0.1120589855008435,0.07617452782144447,0.5195004861646775,0.06437780811572834,0.7556874636503159,0.17694737343106398,0.15985796271217947,0.10799175528092897,0.7067361246718882,0.09591431066801334,0.1811452417166727,0.08383023080297886,0.23741511176903132,0.07257896739990816,0.08992011960138414,0.1282422272533845,0.17047207470633335,0.13558560581622303,1.2849525436500269,0.2467933411428525,0.09251248722650468,0.09479163156689378,0.07028044521112402,0.8798948551115685,0.047543076380371,0.2197986795249104,0.18629138660681893,0.5674722828876303,0.2900717774468038,0.10224062154280801,1.181713303977854,0.13023136093820104,0.8341200299491311,0.08354730993488858,0.09836959564109075,0.33251339250887,0.30041640112517465,0.08093943777894824,0.1537935030572823,0.389503788893598,0.11394948344592647,0.4228656390108686,0.05103927591783006,0.20347709152844515,0.11145986875272959,0.20719053047652342,0.1547638815676329,0.3833104330758635,0.10395089119296108,0.2587221500861484,0.16353149129185118,0.11855443189556888,0.13743106865470897,0.4036914895985025,0.17735473987025643,0.02666798012265228,0.28629537165677554,0.1288428799457405,0.1120378012673957,0.07588417121012914,0.2784761464784845,0.13266070416379608,0.8023931414920059,0.09753467172743055,0.07111017689761373,0.12482448000578576,0.08844235004418616,0.7028109075500244,0.2234842293892729,0.06002073754719777,0.09969025744815876,0.1859366737938481,0.3449944344409872,0.3095576430157464,0.29795704255842537,0.36023811899135,,,,,,,,,,,,,,,,,,,,,,,,,,,,,,,,,,,,,,,,,,,,,,,,,,,,,,,,,,,,,,,,,,,,,,,,,,,,,,,,,,,,,,,,,,,,,,,,,,,,
