,0,1,2,3,4,5,6,7,8,9,10,11,12,13,14,15,16,17,18,19,20,21,22,23,24,25,26,27,28,29,30,31,32,33,34,35,36,37,38,39,40,41,42,43,44,45,46,47,48,49,50,51,52,53,54,55,56,57,58,59,60,61,62,63,64,65,66,67,68,69,70,71,72,73,74,75,76,77,78,79,80,81,82,83,84,85,86,87,88,89,90,91,92,93,94,95,96,97,98,99,100,101,102,103,104,105,106,107,108,109,110,111,112,113,114,115,116,117,118,119,120,121,122,123,124
L0,-1743.9157552266186,-1813.8524327789125,-1682.9612218953978,-1856.5621284536103,-1630.6264351182701,-1638.9162179900088,-1749.2166285647252,-1647.7679144118677,-1671.2886761910456,-1607.4026855142693,-1734.3285303375444,-1640.5428878821447,-1846.32209187598,-1679.2510479518005,-1672.3285339311124,-1579.2858030214384,,-1658.0265093606533,-1821.3285654707627,-1632.9553474096858,-1568.0573563922087,-1748.50572147847,-1793.3004021042318,-1825.8494694005367,-1643.0659112634312,-1862.5329988536407,-1747.8413081074752,-1873.5107413970302,-1764.5342648471005,-1773.341593113757,-1758.2052262358393,,-1646.8708463795722,-1874.9520301647565,-1813.974664523413,-1571.7637900995326,-1728.6548640317403,-1682.0304091275525,,-1807.7787646954457,-1656.1691499373574,-1738.58864943771,-1961.6601197061818,-1822.3186838976087,-1819.9640437080986,-1836.0254777042621,-1549.2329292162106,,-1752.4372844152024,-1629.7425031253686,-1697.147152638953,-1621.7450752453756,-1794.327711074717,-1756.1397799836845,-1856.4759930049765,-1589.2531098619424,-1909.3500750624455,-1707.3666953616196,-1956.2739318431297,-1906.2529592484047,-1896.038765052854,-1641.497291478691,-1571.575735638258,-1882.6854226640824,-1784.2634738729394,-1876.2479107778313,-1756.5486863292751,-2046.7421775227324,-1800.5111807446642,-1592.4177394255978,-1923.0572619924262,-1831.2113606366343,-1871.2029857009302,-1692.9847253733567,-1628.5155235241486,-1758.1611698832676,-1965.8035233315582,,-1611.8904338085824,-1645.9141166852946,-1815.37811958458,-1593.1871921466325,-1734.2530062839598,-1722.4346980703533,-1781.493095041298,-1618.1271493628683,-1877.7354150002996,-1920.7680054856114,-1658.999866090343,-1640.6815906951674,-1519.285241713261,-1679.2845150807686,-1787.1195335867158,-1808.9032202185947,-1752.1279064400296,-1642.4657341927239,-1788.4225629681894,-1727.952427064271,-1612.8807790634094,-1621.3419402750044,-1944.4158442961764,-1922.5027648035943,-1703.828227623179,-1723.1105287445012,-1691.3358835317326,-1801.2791715597382,-1684.1874170237604,-1889.5429337053795,-1619.5991171330404,,-1705.8365714675035,,-1660.2911732376278,,-1715.1155873622943,-1779.6919161140047,-1883.540227087012,-1832.0996416812086,-1683.2218193780616,-1801.1721264534078,,-1757.1051946893128,-1707.7431882259423,-1795.8981374590164,-1696.248606532988
LL,-1721.1158559828796,-1793.101893580168,-1646.8340702646444,-1834.3231317329794,-1596.2351850940388,-1614.2753687987058,-1721.5939663385734,-1623.982219377812,-1649.9432660471805,-1578.8494428381114,-1708.4329664772415,-1610.5893331366233,-1830.7772230132935,-1659.3254340997214,-1640.747604014324,-1533.7704366578325,,-1630.4037408878282,-1805.2899829747748,-1604.7905533963306,-1542.10232863557,-1738.0681503594353,-1761.645075789038,-1792.309747981931,-1611.0809607413994,-1828.7642058241324,-1731.157665924821,-1849.4458972024993,-1751.565201666294,-1754.8733656644174,-1744.299042590627,,-1621.4307181844765,-1832.2229984805763,-1796.6946188974055,-1531.9834139346983,-1690.5357929772015,-1656.7768756418563,,-1793.502106144508,-1631.3610951393107,-1728.525524574972,-1929.443304742458,-1809.5142705839014,-1790.5419922309252,-1818.833673978973,-1530.9583687896877,,-1737.2996633572552,-1591.9695255137938,-1680.3169476283617,-1577.5399866902478,-1760.9052823898926,-1730.8876370745925,-1835.7485302290004,-1565.3947017062906,-1875.1775566798203,-1692.9570932977665,-1941.954403232209,-1876.3221326233504,-1870.0032233035906,-1610.64476080799,-1540.7291959934569,-1853.2654677506157,-1765.406737529208,-1852.0099326278303,-1731.6988613587623,-2019.87253873991,-1777.5190780053388,-1573.7069489554378,-1908.6745106901378,-1808.9527993752906,-1841.7618439872197,-1648.5836541318042,-1580.7703770345204,-1735.818210117645,-1938.6931635927958,,-1582.8466970486536,-1607.9864279131646,-1796.1498351598075,-1552.1093401271628,-1704.591152265933,-1689.1722307256996,-1754.0010977249747,-1601.880798370691,-1858.057188377132,-1899.669066445838,-1646.7333329750313,-1608.3585656209923,-1498.4199581354294,-1667.173291086417,-1771.0151101162423,-1788.6223100806608,-1734.3085694798667,-1617.3751212138618,-1762.4545411294378,-1719.2082200135355,-1588.8365053367625,-1602.8321445815538,-1925.1621588953356,-1891.080975139434,-1685.8597540236988,-1699.7318905769337,-1641.6458043257992,-1764.1601598888892,-1662.2989128548957,-1879.3293628203053,-1588.7034984457503,,-1670.1437415289265,,-1622.3238845534252,,-1682.6009368684186,-1761.5395363177715,-1858.52350495823,-1800.2622118977336,-1659.7139918125015,-1760.8084130363309,,-1732.2332283931992,-1678.0713622071053,-1781.003152041571,-1665.7487340608432
Lv,0.0,0.0,0.0,0.0,0.0,0.0,0.0,0.0,0.0,0.0,0.0,0.0,0.0,0.0,0.0,0.0,,0.0,0.0,0.0,0.0,0.0,0.0,0.0,0.0,0.0,0.0,0.0,0.0,0.0,0.0,,0.0,0.0,0.0,0.0,0.0,0.0,,0.0,0.0,0.0,0.0,0.0,0.0,0.0,0.0,,0.0,0.0,0.0,0.0,0.0,0.0,0.0,0.0,0.0,0.0,0.0,0.0,0.0,0.0,0.0,0.0,0.0,0.0,0.0,0.0,0.0,0.0,0.0,0.0,0.0,0.0,0.0,0.0,0.0,,0.0,0.0,0.0,0.0,0.0,0.0,0.0,0.0,0.0,0.0,0.0,0.0,0.0,0.0,0.0,0.0,0.0,0.0,0.0,0.0,0.0,0.0,0.0,0.0,0.0,0.0,0.0,0.0,0.0,0.0,0.0,,0.0,,0.0,,0.0,0.0,0.0,0.0,0.0,0.0,,0.0,0.0,0.0,0.0
runtime,52.310495138168335,42.213289976119995,44.17588472366333,40.17783999443054,39.34132194519043,47.1049861907959,48.36612582206726,53.296281814575195,39.73388123512268,42.95352506637573,45.524301052093506,43.209288120269775,36.91792321205139,52.273934841156006,41.810184955596924,46.26377201080322,,41.34361815452576,42.780633211135864,41.38595986366272,46.45564794540405,41.11728882789612,51.70785999298096,42.970574140548706,40.30607581138611,42.49492931365967,46.43052077293396,42.719735860824585,49.681154012680054,54.60147786140442,44.47937202453613,,42.02955389022827,43.14230728149414,39.66753172874451,49.47135591506958,42.24332308769226,58.02030110359192,,47.29553985595703,37.52063608169556,39.00105690956116,42.754985094070435,51.54072189331055,48.7419650554657,45.397594928741455,43.64241695404053,,39.7374792098999,45.02601504325867,37.94305205345154,41.76891613006592,46.29216909408569,42.11836886405945,44.94764709472656,42.78679609298706,47.089324951171875,44.735995054244995,46.59850597381592,42.752156257629395,48.03343987464905,45.8977267742157,44.5827739238739,46.17318511009216,45.24943733215332,44.02659320831299,45.82937979698181,40.13148093223572,42.37075710296631,44.485212087631226,47.56738805770874,43.216487884521484,51.050204277038574,36.56678509712219,40.05441617965698,44.03022217750549,55.15139102935791,,40.97411108016968,47.87671518325806,43.92139983177185,39.44656205177307,46.97213077545166,43.700292110443115,42.95112609863281,50.68007016181946,35.3886399269104,38.25171494483948,35.75686812400818,44.55191493034363,42.014167070388794,33.70321202278137,44.61402773857117,38.23687481880188,32.41138315200806,36.481138944625854,36.4288010597229,49.19750237464905,37.74490404129028,36.88752102851868,39.88485908508301,38.33835482597351,48.34647798538208,41.61278486251831,34.90602207183838,41.901185035705566,36.09648680686951,35.023290157318115,36.56971526145935,,33.86511301994324,,36.424744844436646,,44.665878772735596,46.603667974472046,39.88525104522705,32.737030267715454,30.12964415550232,39.535521030426025,,36.58856010437012,41.35944890975952,39.359559059143066,45.79053497314453
beta_length_g,-0.3137172448857864,-0.31750362367503987,-0.33772608921112,-0.30168029757195947,-0.3216004983781261,-0.309968524436029,-0.32141576786293524,-0.3189612358592143,-0.33475685720378534,-0.3224721347840293,-0.3082717830269556,-0.3169920306999127,-0.2988960989854537,-0.3112787957326772,-0.32724700616589314,-0.32816437147929783,,-0.3111331050546297,-0.3182799413927966,-0.3186524910687661,-0.33701465616430937,-0.32175726422215495,-0.32687440965922,-0.32183167214071856,-0.32347236494700227,-0.30158872362113065,-0.31865863377745923,-0.30902387994879765,-0.3119385965409698,-0.3065634322419746,-0.307050272803356,,-0.31341040130458864,-0.30479506887167607,-0.3169187822874033,-0.3152580463646464,-0.3113275389573753,-0.3059995925717267,,-0.31660390085998946,-0.3255849613658451,-0.3185738057611686,-0.31666862500600973,-0.2990662571190128,-0.3110142740233195,-0.29150859389188677,-0.327070216685469,,-0.3078431640442145,-0.32120145586630633,-0.3184076475416811,-0.30492406018699997,-0.3226896213829314,-0.32106234143632234,-0.3150257355827297,-0.33258333466402173,-0.30971874662337756,-0.31687392390342684,-0.305219754596321,-0.3030458100818199,-0.30610195383606215,-0.3254165542341641,-0.33326896002454065,-0.3117491518557287,-0.3156290852706228,-0.29756564405062047,-0.3123887310659075,-0.2948436022729856,-0.3081657329918844,-0.30872566437706644,-0.30420650672805444,-0.3119783125786022,-0.3163837150007348,-0.3172424575855724,-0.3183963354930984,-0.30524977109866663,-0.29376449114436215,,-0.3369342712268623,-0.34226055222610985,-0.3054709184709887,-0.3398911863198487,-0.31677871914172073,-0.31882744783542244,-0.3081092248632733,-0.3192743151173532,-0.3056478414621359,-0.3013043760796025,-0.30450890784768625,-0.3090826784425116,-0.33267291467107335,-0.319877550126096,-0.3022581440056474,-0.30345069345352793,-0.30726063322283986,-0.32129512539459804,-0.31714327610815624,-0.29987623712419154,-0.32560922629897665,-0.3128617980568427,-0.3008486487009224,-0.29515130106830045,-0.3107903351183363,-0.3111850037240251,-0.32478544912903007,-0.302821192979543,-0.31856998803168646,-0.30176338817302367,-0.3214720101518736,,-0.32891576620103835,,-0.3059964355429402,,-0.3085781229454363,-0.301574184920997,-0.3053985684726642,-0.30756837600579934,-0.3042544028193376,-0.30421515741710287,,-0.31185226170027724,-0.3180273183508103,-0.30174161416614104,-0.3225849379210839
se_length_g,0.07384517998889475,0.3259156243122552,0.048459291388116665,0.03199961098098394,0.023341689421315905,0.04022487075853165,0.021428684448278126,0.09743059339552933,0.5110302847153531,0.0340329017029639,0.04721193318444059,0.13253340170474007,0.03710461559290486,0.2225469103950149,0.016877817137876023,0.017552440136667725,,0.018664604133270063,0.3658806512719428,0.18910918802895005,0.07733496226353836,0.06762832871021203,0.20271716372273052,0.02302505254630103,0.14380687991533198,0.08290502138917688,0.08928927854450266,0.03411575082073686,0.21827286911123875,0.10601226235272421,0.050076175498944636,,0.2920455181459955,0.06769303613088455,0.025036876741087604,0.32538409011326225,0.12017366541083711,0.01876311533207365,,0.10527369617252627,0.13236702427611288,0.038168642264105435,0.03019107675977526,0.10880801199202389,0.025434348366421243,0.11992944624105109,0.10380841258051655,,0.014682077368014886,0.34748624778792997,0.30961920961491773,0.09351991412983485,0.011812621411630267,0.019882556271499825,0.027389458260556016,0.19684364708686888,0.18529320734399055,0.21694884394790748,0.14033215508977806,0.09015251298313492,0.04255638531280816,0.049457486770464715,0.2311154089125248,0.09451158153528176,0.15292885750413462,0.17533414645892972,0.03348850726160723,0.02041104440304591,0.4733624756332921,0.01292379365606155,0.40531995660744036,0.028289559923058035,0.03270125106577108,0.008337712999974246,0.0680645157115259,0.01267519892761181,0.3339880804616236,,0.009139567786333801,0.035603814336998205,0.009756096058631735,0.05280956012007143,0.014799946755128471,0.012136415365752985,0.036899104034170536,0.121725451770982,0.11240000149001546,0.20167460127889672,0.13060923175821962,0.08205787964528016,0.17589220329580016,0.14008902086287633,0.1131354044222054,0.12697442049655844,0.025208129350882173,0.3695024822049768,0.11678050353841742,0.06117410852944907,0.042539397631490075,0.008357758519722048,0.14997131087889462,0.0745952398714537,0.20449974709192564,0.020055943785721928,0.1498089800265052,0.11055089407921612,0.10051134616610097,0.10408265472972911,0.11093922521104167,,0.015700424878589032,,0.010197060631736154,,0.23076198439171652,0.14716528406196855,0.25115239187835803,0.1550552919689681,0.15083358697256957,0.050778573353971033,,0.20365673109404953,0.022452655047491228,0.13070373727288814,0.06019526423204494
t_length_g,-4.24831038306041,-0.974189636796437,-6.969274199786137,-9.427623909279264,-13.777944371260324,-7.705892364372234,-14.999323390044236,-3.2737277352336243,-0.655062659134276,-9.475305326549497,-6.529531036626801,-2.3917897422274907,-8.055496444561161,-1.3987109287662791,-19.38917832161531,-18.69622507891366,,-16.669686795019036,-0.8699009917204757,-1.6850185566868634,-4.3578563472475365,-4.7577290516950015,-1.6124653860405596,-13.977456576637467,-2.2493525006414887,-3.637761845635355,-3.568834231521275,-9.058099924946136,-1.4291221708456858,-2.8917733235611567,-6.1316638050728764,,-1.0731560042223032,-4.5026059738605095,-12.658079742323174,-0.9688797207475907,-2.5906469432636627,-16.308570680085907,,-3.0074359728106037,-2.4597135362557254,-8.346479907690137,-10.488815206084984,-2.7485683420163554,-12.228120396193228,-2.4306673884407983,-3.1507101260390113,,-20.96727570138373,-0.9243573174796109,-1.0283846662411347,-3.2605254509073878,-27.317359131244416,-16.147940790518042,-11.501714732211523,-1.6895812467711986,-1.6715062093366178,-1.4605928205799188,-2.1749808830417763,-3.36147934266138,-7.192856056407941,-6.579722818194193,-1.4420023381075386,-3.298528569637265,-2.063894875184622,-1.6971345859337346,-9.328236956803517,-14.445297185722968,-0.651014283672575,-23.888161061149965,-0.7505342428097709,-11.028036965831955,-9.674972812642594,-38.04909782653257,-4.677860881910042,-24.08244421582266,-0.8795657938999913,,-36.86544912229579,-9.613030474390632,-31.310773964830158,-6.436167723174532,-21.4040445133325,-26.270314440217852,-8.350046239007531,-2.6229051564174575,-2.719286809700681,-1.4940125041473482,-2.3314501107500973,-3.7666422746799495,-1.8913454288341198,-2.2833877212918954,-2.6716494765658196,-2.3898568882364204,-12.188950197214341,-0.8695344168658755,-2.715721087842589,-4.902012376360692,-7.654298002046513,-37.43369676433861,-2.006041335091515,-3.956704229075745,-1.519759019450677,-15.515849418443299,-2.167997199310528,-2.739201663647823,-3.169492800397187,-2.899266827471024,-2.897730802971912,,-20.949481860811744,,-30.00829813550311,,-1.3372138559080318,-2.049220961609463,-1.2159890900843164,-1.9836045071415835,-2.017152869769443,-5.99101426691249,,-1.531264201408902,-14.164352397439313,-2.308592091258673,-5.358975361874994
b0_length_g,-0.3,-0.3,-0.3,-0.3,-0.3,-0.3,-0.3,-0.3,-0.3,-0.3,-0.3,-0.3,-0.3,-0.3,-0.3,-0.3,,-0.3,-0.3,-0.3,-0.3,-0.3,-0.3,-0.3,-0.3,-0.3,-0.3,-0.3,-0.3,-0.3,-0.3,,-0.3,-0.3,-0.3,-0.3,-0.3,-0.3,,-0.3,-0.3,-0.3,-0.3,-0.3,-0.3,-0.3,-0.3,,-0.3,-0.3,-0.3,-0.3,-0.3,-0.3,-0.3,-0.3,-0.3,-0.3,-0.3,-0.3,-0.3,-0.3,-0.3,-0.3,-0.3,-0.3,-0.3,-0.3,-0.3,-0.3,-0.3,-0.3,-0.3,-0.3,-0.3,-0.3,-0.3,,-0.3,-0.3,-0.3,-0.3,-0.3,-0.3,-0.3,-0.3,-0.3,-0.3,-0.3,-0.3,-0.3,-0.3,-0.3,-0.3,-0.3,-0.3,-0.3,-0.3,-0.3,-0.3,-0.3,-0.3,-0.3,-0.3,-0.3,-0.3,-0.3,-0.3,-0.3,,-0.3,,-0.3,,-0.3,-0.3,-0.3,-0.3,-0.3,-0.3,,-0.3,-0.3,-0.3,-0.3
beta_crosswalk_g,-0.9038768224181214,-0.9049457385933818,-0.8619197908290894,-0.8906557087362001,-0.9373380874680295,-0.9221418911776269,-0.8392444169515229,-1.0085726399495676,-0.8676309161657206,-0.9142927277749932,-0.8979710767680424,-0.9113102636606987,-0.8549361413216975,-0.9666696366644708,-0.9164961902327222,-0.9682841548165947,,-0.8363971665540905,-0.8776940495288202,-0.8178448776095222,-0.9118487348174465,-0.8998464636558593,-0.9592252588272259,-0.9282825010633927,-0.9179414186033585,-0.9157547663844696,-0.9146291126793861,-0.8646409964773569,-0.9653822695062382,-0.7838332054428288,-0.944537222468223,,-0.9561860661695564,-0.9164619094067724,-0.8951099051573204,-0.962556681349473,-0.9798862472572091,-1.016502952786517,,-0.7929881876277544,-0.9160703797269603,-0.8726430968734706,-0.8889331074422295,-0.7847174296992929,-0.916122197537656,-0.8891366155157301,-1.027983304089582,,-0.8673872369194399,-0.917186651108633,-0.8989995569444227,-0.9247002159077914,-0.9166004991739145,-0.9120339184881459,-0.855701985038215,-0.9145837597138272,-0.9479195508034262,-0.8663605981113077,-0.9063114382840246,-0.8276466665865678,-0.8062030909384779,-0.9726242738167631,-0.9311713301578023,-0.9070146999435711,-0.8972181926179678,-0.842254046369506,-0.9622641451149544,-0.9219835449241404,-0.9026839900279172,-0.9965704446327268,-0.7867614071420741,-0.8666579948743752,-0.8466616599719625,-0.8961815813401812,-0.9018028655253538,-0.9145532621027519,-0.9904336530926857,,-0.9189783168999073,-0.8207071968415912,-0.9324986616307702,-0.9078519714375957,-0.8895140694143189,-0.8897014730325592,-0.8217963058274703,-0.9744599597541769,-0.8669037432815098,-0.9040059108358444,-0.9689518290244182,-0.9780926796716208,-0.9846933185435424,-0.9193242307568472,-0.8534183243413077,-0.9593725950690142,-0.8835473763368208,-0.90108837370026,-0.8636030472346561,-0.8119185024924179,-0.9105031067361647,-0.876193335977914,-0.8016416795560422,-0.7680749838363141,-1.0856602699402855,-0.8657753434089186,-0.902822537172273,-0.8768577494180074,-0.9675922111360673,-0.8650914351933293,-0.945805515025912,,-0.8992634039155776,,-0.9940511281180978,,-0.9571588683388128,-1.012425312143851,-0.8942711127032467,-0.8963285626367455,-0.9019322110607457,-0.8908300351954686,,-0.8853128885899558,-0.8750111978954908,-0.8784597577703332,-0.8428527476825463
se_crosswalk_g,0.6176410494733446,2.7013016525908005,0.19660663870732473,0.21687894365826782,0.22123319124739488,1.8470553018698035,0.11202041306606851,0.517979279113585,2.974472765788783,0.5069651709082442,0.40844352216104857,2.045689751819701,0.947179912528991,2.9399609177644686,0.1695653661894051,0.23211597652481605,,0.07894157258197301,1.4725619790162772,0.17699807238492954,0.7850941691020678,2.6931439903426537,1.6286519512795998,0.2554552131611496,1.0838601655047202,3.673244276362573,0.20050402565154055,2.5780082512231917,1.2969121736505562,0.4974289163045618,0.1787621378219166,,0.9229931083045998,0.6208134896295772,0.781270127695614,0.19248243749177066,5.535078275296146,0.3238189853455578,,0.17864866465574528,1.5431859736714673,0.08696543871693163,0.21302206735870305,0.5609234370162209,0.12945822836614132,1.6515491070977357,3.5151208898946678,,0.22824807052456747,0.6805747847770995,2.9191580514458884,3.595363473000787,0.19680994203966232,0.3768825114128059,0.2146916462423051,0.9872212061861125,2.3934550512918764,2.940609153637358,0.34702464366230984,0.2896039463359674,0.7175507241799655,0.17529580261987837,0.24048154732729257,1.0880799781817774,0.7014028738448149,0.6867358219410169,2.3322279100192946,1.4146687736646966,0.16163704284597114,0.09250545249081786,4.496677159969593,0.3386354119845049,0.3108065047076236,0.1903312548066303,0.4808551039081082,0.17192692698943848,0.3715214867219113,,0.060511579691736185,0.192149012143017,0.2103463797114901,0.42804202869442276,0.8079797205539455,0.07668166270470926,0.5899451762047463,0.46952976258227774,0.9419362628636158,2.848317509196873,0.4078400997632744,1.2219701197571868,0.426040139520804,0.1738385917147502,0.23443844467518693,0.46226553224551636,0.15257539654152263,0.6597054602803715,0.4533545610687615,0.24120329067393706,0.4361765588823301,0.2951835753077358,1.7782101696117552,0.7317324829882774,0.7999440185207412,0.6720291678264553,0.5031749471978072,0.2557754820488952,0.29749665262183483,1.4533390705552471,3.1927128184269966,,0.31019803955831804,,0.08779806745995478,,0.5016169766278805,0.2681658779276699,2.022321314312947,1.6349721139825495,1.501880879778835,1.6687218693420274,,0.37921417806268587,0.7637869772498876,0.11714724018045661,0.4387941114027131
t_crosswalk_g,-1.4634338556170232,-0.3350035852994997,-4.383981113232765,-4.106695162346374,-4.236878210647188,-0.4992497464716557,-7.491888254835705,-1.947129316978726,-0.2916923382674303,-1.8034626050089568,-2.1985195701401627,-0.4454782367903351,-0.9026121964928493,-0.3288035670214016,-5.404972789130729,-4.171553243828837,,-10.595141941029548,-0.5960319918861076,-4.620642849888784,-1.161451416535613,-0.3341248989592161,-0.5889688451075022,-3.6338365914568413,-0.8469186780897161,-0.24930407495014054,-4.561649621284592,-0.33539108963949565,-0.7443698109401459,-1.5757692802943317,-5.2837655332203175,,-1.035962303040298,-1.4762274414391363,-1.1457111611287139,-5.000750686101561,-0.1770320487843113,-3.139108572345669,,-4.438813965700986,-0.5936228007227758,-10.034366637462526,-4.1729625407558135,-1.3989742234225815,-7.07658531326897,-0.5383652303734451,-0.2924460740581773,,-3.8001952652917548,-1.3476647557682115,-0.3079653588811812,-0.25719241541273485,-4.657287582500256,-2.4199422654801284,-3.985725574401034,-0.9264223195195509,-0.3960465229091238,-0.29461943184107664,-2.6116630470945963,-2.8578570045672684,-1.1235485712314297,-5.548474403154183,-3.8721113553485624,-0.8335919400513433,-1.2791766701778255,-1.2264600439641058,-0.41259438710129903,-0.6517310356230906,-5.584635638800397,-10.77309950709821,-0.17496506401348907,-2.5592657005228716,-2.7240796030585623,-4.708536084894042,-1.875414980928827,-5.319430051576116,-2.665885254259973,,-15.186817491485986,-4.271201749560579,-4.433157646496127,-2.120941194037997,-1.1009113803060229,-11.602532361076722,-1.3930045349540374,-2.075395507187722,-0.9203422539928585,-0.31738242240091513,-2.3758130443446683,-0.8004227467247513,-2.3112688857230523,-5.28837826910929,-3.6402661070530207,-2.075371249092992,-5.790890250751325,-1.3658949757931396,-1.9049175223885553,-3.366117021968759,-2.0874645557965357,-2.96829976079957,-0.4508137976351065,-1.0496663762959104,-1.3571703079271618,-1.2883002477542707,-1.794251765116909,-3.4282322230180893,-3.2524473892687107,-0.5952440505592558,-0.2962388316190295,,-2.8989977022292357,,-11.322016040631993,,-1.908146878866246,-3.7753696330333417,-0.4422003102939464,-0.5482225384587277,-0.6005351178007959,-0.533839731810263,,-2.334598598377325,-1.145622043787759,-7.498766137530268,-1.9208387847051103
b0_crosswalk_g,-0.9,-0.9,-0.9,-0.9,-0.9,-0.9,-0.9,-0.9,-0.9,-0.9,-0.9,-0.9,-0.9,-0.9,-0.9,-0.9,,-0.9,-0.9,-0.9,-0.9,-0.9,-0.9,-0.9,-0.9,-0.9,-0.9,-0.9,-0.9,-0.9,-0.9,,-0.9,-0.9,-0.9,-0.9,-0.9,-0.9,,-0.9,-0.9,-0.9,-0.9,-0.9,-0.9,-0.9,-0.9,,-0.9,-0.9,-0.9,-0.9,-0.9,-0.9,-0.9,-0.9,-0.9,-0.9,-0.9,-0.9,-0.9,-0.9,-0.9,-0.9,-0.9,-0.9,-0.9,-0.9,-0.9,-0.9,-0.9,-0.9,-0.9,-0.9,-0.9,-0.9,-0.9,,-0.9,-0.9,-0.9,-0.9,-0.9,-0.9,-0.9,-0.9,-0.9,-0.9,-0.9,-0.9,-0.9,-0.9,-0.9,-0.9,-0.9,-0.9,-0.9,-0.9,-0.9,-0.9,-0.9,-0.9,-0.9,-0.9,-0.9,-0.9,-0.9,-0.9,-0.9,,-0.9,,-0.9,,-0.9,-0.9,-0.9,-0.9,-0.9,-0.9,,-0.9,-0.9,-0.9,-0.9
beta_greenlen_g,0.1999363629835276,0.25303844494595307,0.281967073044506,0.16981309781206613,0.16563652469750006,0.17642014025401379,0.20068547341163806,0.24943132081956887,0.3302524919564309,0.2518535907833321,0.15784489609625643,0.16775556727376809,0.2173144635283628,0.18524803411229998,0.20010098574442955,0.1635329567090584,,0.1628162710456273,0.2818733504020832,0.17256070593016523,0.3016720156904262,0.2859906543019837,0.1975629303669047,0.18191627419542886,0.21965501180119218,0.1331302533781918,0.2807303954176551,0.16023353262771114,0.3263285179274214,0.16507527133779112,0.2518887346008874,,0.21007872852463208,0.12111372369158341,0.23171791527891306,0.09020960669337004,0.08710909944926203,0.22614839188596686,,0.24446797075121035,0.23374770839695277,0.3080751483569011,0.1637479571576697,0.18743405776059183,0.16382833367060784,0.12117174656746607,0.284640004887169,,0.23952166833766575,0.19469721176696841,0.22498623366874151,0.04181437200537243,0.19235716791814458,0.25904328264270343,0.20303193427279662,0.2720570068557905,0.16471109569654183,0.29950021838808677,0.18130040815380224,0.10554790399865265,0.1707216635890297,0.30181352528692057,0.2531513141996872,0.1348367300236116,0.2583366012801173,0.14272193860275234,0.22155636935140371,0.14240862848097324,0.1530619747521647,0.19670313780102808,0.19642175725316494,0.17396734279644005,0.2517610021733878,0.12687157339480137,0.10765310582569826,0.12916917301169017,0.12515583932246602,,0.2640471767302943,0.3445692083537242,0.26566890372177093,0.22601591000595944,0.14135719223266252,0.16644886505594572,0.13319446366157522,0.2944346393850545,0.1968560732082562,0.21587563451122124,0.22787854491714069,0.18543522336334306,0.2911555735581017,0.3407345982768447,0.15660657883554266,0.17723044858634154,0.20133762297695762,0.24947833442372547,0.1991550266896051,0.1971093896104193,0.25424311409041933,0.17803155072966065,0.1564658853362262,0.14270535985681393,0.25193752133357716,0.16949344546829534,0.10025681112751622,0.08383786911301792,0.22526760208678998,0.2034163758325724,0.2575777090191425,,0.22985153134641523,,0.14745078282073942,,0.12867935765924113,0.1756143436676456,0.20607070584653708,0.11450756860621787,0.18114374055386806,0.09184574511055538,,0.2188602398322539,0.2112978766263172,0.17280581951480928,0.16656937646384293
se_greenlen_g,0.10318391741889742,0.6882091993539542,0.3607201706484597,1.1687630172079857,0.11890004053913715,0.060443566400471146,0.18142263179410892,0.47833435316293166,1.499288845431808,0.2649783400748414,0.4922202200942073,0.08436240227981492,0.5772089877586988,2.347070144700875,0.15357091436054612,0.25551887927791356,,0.05284849614548651,1.3858574260843957,1.2919204680024434,0.7671346741007348,1.3803760610097637,0.34027212085752373,0.070830007132715,0.8931725511607157,0.4532051147727193,0.645004338443862,0.4774171386100389,0.903930043979284,0.4407343580355061,0.2170145280513514,,1.1774900667422425,0.9786925816278975,0.03716749854316001,1.4680004917366007,0.6022500738866147,0.2933396206456,,0.5331991178220131,0.4183389750595176,0.0727668740573624,1.246345260971251,0.26630167953229955,0.18891525481801746,0.41803960446287314,0.2810697564632823,,0.2345917568125477,1.030975568549509,1.6641857197030807,0.18138289375998945,0.04255424147782982,0.09393672734999742,0.20075611847282138,0.045405864394966355,0.25551021320799433,0.06219343970142958,0.3872142669436108,1.7154938929800587,1.5820109800695272,0.17732023872894523,1.156177097522528,0.361587381380146,0.12431165609557908,0.508620703504452,0.10340107634845055,0.06649088481395993,0.06109726995080912,0.10446281066100097,1.3519688105372807,0.056556206214508374,0.09366159600135573,0.0690671949010939,0.3647324586305528,0.17435132933096306,0.5317420595270663,,0.045215096876952854,0.08840193146916078,0.3387087313123812,0.12058584922648623,0.5802331712035919,0.08372341675939458,0.63286368852571,0.4052874848617041,0.6519289542810568,0.10179324717695529,0.25426943012907227,0.522758848108737,0.24192811156294033,1.8196954918804051,0.6070695623814428,0.8474833950547891,0.13454209700852063,1.4758876102873835,0.07033449119394893,0.30289814741019216,0.42583149227239125,0.29261339353088023,0.9373412174261389,0.19164795041255067,0.23191651900943422,0.19314886055883998,0.18502779007342757,0.07253304951846024,0.7726882285641478,2.0417944462526405,0.4978094301252967,,0.04352937991714005,,0.3534843337627344,,0.060489667185941426,0.20118760007568484,0.16427906257189098,0.2764391555852042,0.9518179564944558,0.35320613317493305,,0.2460889301941571,0.5742814375700206,0.7300404477282162,0.23595020835536512
t_greenlen_g,1.9376698228256126,0.36767663841676196,0.7816781427487663,0.1452930109114218,1.3930737445205423,2.9187579549018574,1.1061766187990811,0.5214580955146385,0.22027275995728185,0.9504685957055875,0.32067942285273465,1.988511027902608,0.37649182209063375,0.07892735312174028,1.302987525845177,0.6400034203781584,,3.0808118096191563,0.20339274812596614,0.1335691400547103,0.39324518350582693,0.20718314550657863,0.5806027536696925,2.5683503582679332,0.24592673780194113,0.29375276014913493,0.43523799560006915,0.33562584932375494,0.3610108106273986,0.37454595569445587,1.1606998704772604,,0.1784123148536243,0.12375052796469575,6.2344232020305395,0.06145066517427032,0.14463941679094258,0.7709439024576547,,0.45849282675073005,0.5587519268643262,4.2337279476103955,0.1313825007286218,0.7038410651024756,0.8672054240851226,0.28985709792534153,1.0127023571259013,,1.0210148540259978,0.18884755149037147,0.13519298417539777,0.23053095657797967,4.520281909345278,2.7576358039123297,1.0113362213679347,5.99167113061172,0.6446360543813612,4.8156239601136335,0.46821727304847643,0.06152624875586168,0.10791433545014127,1.702081654358011,0.21895548246211008,0.37290220004069863,2.078136591483352,0.28060583774782005,2.1426891979807103,2.1417767093854976,2.5052179070423044,1.8829967962413168,0.14528571644719063,3.0760080005474655,2.687985395526931,1.8369295810621078,0.2951563626387937,0.7408556820722273,0.2353694560738343,,5.839801194031834,3.897756560601031,0.7843580019103559,1.8743153649932243,0.24362135646164773,1.9880801751592219,0.21046311563847012,0.7264834232064289,0.30195939590587423,2.120726477424848,0.8962089732983826,0.35472421755120903,1.2034797100557464,0.187248141129779,0.25797139000215813,0.20912557062534984,1.4964656226831874,0.16903613302583878,2.8315414430230352,0.6507447843300569,0.5970509901315327,0.6084190083762264,0.16692521616180342,0.7446224159956809,1.0863284875508523,0.8775275452202921,0.5418473143289972,1.155857497645684,0.29153750990279065,0.09962627540980332,0.5174223175208055,,5.280376880717046,,0.41713526947904644,,2.1272948529157696,0.872888506058928,1.2543942156740604,0.41422340610110964,0.19031343054402988,0.2600344005495136,,0.8893542657915553,0.367934365979841,0.23670718526974338,0.7059513853574243
b0_greenlen_g,0.3,0.3,0.3,0.3,0.3,0.3,0.3,0.3,0.3,0.3,0.3,0.3,0.3,0.3,0.3,0.3,,0.3,0.3,0.3,0.3,0.3,0.3,0.3,0.3,0.3,0.3,0.3,0.3,0.3,0.3,,0.3,0.3,0.3,0.3,0.3,0.3,,0.3,0.3,0.3,0.3,0.3,0.3,0.3,0.3,,0.3,0.3,0.3,0.3,0.3,0.3,0.3,0.3,0.3,0.3,0.3,0.3,0.3,0.3,0.3,0.3,0.3,0.3,0.3,0.3,0.3,0.3,0.3,0.3,0.3,0.3,0.3,0.3,0.3,,0.3,0.3,0.3,0.3,0.3,0.3,0.3,0.3,0.3,0.3,0.3,0.3,0.3,0.3,0.3,0.3,0.3,0.3,0.3,0.3,0.3,0.3,0.3,0.3,0.3,0.3,0.3,0.3,0.3,0.3,0.3,,0.3,,0.3,,0.3,0.3,0.3,0.3,0.3,0.3,,0.3,0.3,0.3,0.3
beta_vegetation_l,2.1242709477273904,1.9213089817235736,2.1363566188212317,2.4695087190773566,2.3843287532920816,2.3535072001719604,2.081069735908714,1.8903922810778184,1.1414442810991927,2.4033599801396406,2.4119289686264915,2.3269871083525793,2.2248446131320607,1.6630102541299823,1.9332582957987932,2.907103948349646,,2.538388072573645,1.6148355327018042,2.204406125875841,1.5263702421111907,0.5896297708991779,1.3439531782496226,2.0796851374228047,2.3929401303377387,3.012870860779694,1.6564005876072667,1.944731586297819,1.5344868796312583,1.8341303505374618,1.8450103013919092,,2.5301427971196806,3.3577278928606393,1.491030690595818,2.240735735977859,2.037485469448045,2.5583358086087684,,1.2387587219982723,1.7005427919551566,1.047124075291586,2.209414070245418,1.7689112354502987,2.540080633174676,1.7658830769425788,0.7843454323976462,,2.0392122265953616,2.9242396374620063,1.4339286991846907,2.816626448462506,2.315072220430451,2.1402507403937023,1.847787777099296,1.4723304175146057,2.724440295932904,1.652754980244277,1.229555925504369,2.172018509237365,2.706374746582929,2.3453312620774303,1.952741397821822,1.8015078120297563,1.9473562652877252,2.759682291680897,2.3561452231624203,2.734017203056885,1.9462860497578718,1.9970188612302542,1.4997388090448418,1.8845554683384538,2.6544221728405084,3.3557391503628344,3.0378624441300404,1.689167114657189,2.6035761229391516,,1.3494562087734574,2.0145937782087167,2.287305931488482,2.054268080382369,1.8380126437542745,2.1777133201819114,2.2128061956189256,1.502113419137344,2.255158289715065,2.4766929023340123,1.7472673506608236,3.0825879704861228,0.981100100178475,1.1772771806389801,1.7207202018654932,2.2173607648067173,2.0810783397117274,2.1700639824471653,2.14863575903874,1.4115543186094102,1.936719255026778,1.5387953734012478,2.1973741714650155,3.2512959390196,1.6461884594973284,2.165807903597853,2.717132675692297,2.9659571892142917,1.7067051422192678,1.496611044928958,2.6145850130870922,,2.223751739932122,,3.3760753851687664,,2.6270489400183292,1.9852996266476686,2.60960114802009,2.4717437643907707,2.5499774460683864,2.9642826495887755,,2.479131000033791,2.6798339557651025,1.6770762729115565,2.1170144789034637
se_vegetation_l,2.081682905075383,6.642537666877153,2.3180820844632732,5.70130860363086,3.1162535376331046,2.1225835008211167,1.0521981317380722,3.8191034714435155,4.342736516876987,1.2672232053300252,6.057076450910874,1.9420629078452543,5.865108159187605,25.52894524810116,2.7061530910945844,9.443658905459596,,0.6544254136480203,7.41615388455044,12.4754805016364,2.1709420501131156,13.816355050974392,3.9300158959777076,1.5948891992864274,12.597742982940181,1.110085297617974,1.6537785211030518,0.7426128105915083,4.470089283425817,6.019895324948961,6.763370834573188,,2.5162385786306016,7.958407682229502,3.858217525447406,2.3944176017569365,3.5729457504241635,0.8381787661076483,,2.7884511244138217,15.14848829892142,14.848649144473463,8.916242555075327,15.229541691604572,0.9717312254925374,7.8653787621599704,10.852359143409577,,4.09501063812324,5.841848938147576,8.018858370217389,7.585316650248513,0.4833451911121846,6.322227056021335,3.019509790531603,5.637572232878234,3.1583318426652616,4.473744325352627,8.548531025120928,6.872360078087249,4.147557804918484,0.5713966616014371,11.513186594549753,1.1959550153319114,6.375291874166912,5.116386794005782,1.3093298785471688,23.921969026027472,1.640462588931433,0.6058650247267449,14.78391239251374,3.4887620461904527,0.6519509784379965,0.8726508276198648,1.2723902307711454,11.315423112019209,4.109398705653636,,0.7455604103054668,2.5346554380843744,3.5348738214633904,8.104084822200978,8.83087609450487,0.805571450779643,3.940428701129806,3.3686289219507066,3.028511384468592,3.3615517313901386,1.7287146624351388,9.42230331590497,6.306398171973672,3.8285212126595103,11.777436702919413,11.834380705866382,0.7612060107782554,8.295787655858941,21.51334484424782,2.762133693356018,1.372189291368943,6.831114475134645,1.8391950947777278,8.561843094201114,4.079308474090759,2.2495691097091695,0.602315466325569,2.172518899819482,2.712440371681541,9.805729205370048,5.469660913711711,,3.256496885249161,,2.180933879431659,,1.6469144268609586,0.7724553527175653,1.565794537043787,3.9080294125209223,0.903146308519831,4.984750870351945,,3.446021564055753,8.825191868985943,3.4269848893150034,2.519831867595998
t_vegetation_l,1.02045846778497,0.2892432196966127,0.9216052499348322,0.433147701828429,0.7651266896284237,1.108793693751747,1.9778306700384474,0.49498325856128284,0.26283986529305836,1.8965561631375976,0.3982001858774263,1.198203775455659,0.37933564953049925,0.06514214504234862,0.7143935434254495,0.3078366105185123,,3.8788042451219744,0.21774568837708175,0.17669909592553895,0.7030911958389954,0.04267621733255867,0.3419714356944794,1.3039684125726607,0.18994990877161486,2.714089509377996,1.001585500398485,2.6187692409302707,0.343278798774965,0.30467811341105205,0.2727944905756955,,1.0055257949731642,0.4219095109136193,0.38645583893637914,0.9358165987143131,0.5702536819111134,3.0522555713135286,,0.44424616632241665,0.11225825035467309,0.0705198206990645,0.2477965417156322,0.11614999789687878,2.6139744885600393,0.22451341891355228,0.07227418684111313,,0.4979748300556164,0.5005674861543526,0.178819556722738,0.3713261526623581,4.789687086993531,0.33852797778835103,0.6119495895967875,0.2611639118214748,0.8626200259038632,0.3694343842758615,0.1438324224233573,0.31605132509906153,0.6525224900719907,4.104558916225092,0.16960911575481924,1.5063340919472517,0.30545366451041034,0.5393810911469916,1.799504664001708,0.11428897011287958,1.1864251357451843,3.296144817289862,0.10144397296376552,0.5401788495137668,4.071505773639936,3.8454546127178224,2.387524181389629,0.1492800665017078,0.6335662001735678,,1.8099890902476512,0.7948195829454805,0.6470686216860685,0.25348551075807385,0.20813480158531522,2.70331491771995,0.5615648355683903,0.4459124035150478,0.7446425003651667,0.7367707238316986,1.0107320708436351,0.32715864339483475,0.15557217819493097,0.3075018042857273,0.1461031160913782,0.18736601601024688,2.73392263098926,0.2615862498498918,0.09987455575106613,0.5110376525237483,1.411408227136535,0.22526271210978607,1.1947477337800179,0.3797425277767218,0.40354596127086195,0.9627656666559823,4.511145450519791,1.3652158282538935,0.6292138843078857,0.1526261855272679,0.4780159235342498,,0.6828662265899813,,1.5479952955054994,,1.5951338437331686,2.570115696218832,1.6666306378530387,0.6324782910976973,2.8234378217717033,0.5946701704230776,,0.7194183071553412,0.303657302362201,0.48937369935318736,0.8401411642290105
b0_vegetation_l,0.0,0.0,0.0,0.0,0.0,0.0,0.0,0.0,0.0,0.0,0.0,0.0,0.0,0.0,0.0,0.0,,0.0,0.0,0.0,0.0,0.0,0.0,0.0,0.0,0.0,0.0,0.0,0.0,0.0,0.0,,0.0,0.0,0.0,0.0,0.0,0.0,,0.0,0.0,0.0,0.0,0.0,0.0,0.0,0.0,,0.0,0.0,0.0,0.0,0.0,0.0,0.0,0.0,0.0,0.0,0.0,0.0,0.0,0.0,0.0,0.0,0.0,0.0,0.0,0.0,0.0,0.0,0.0,0.0,0.0,0.0,0.0,0.0,0.0,,0.0,0.0,0.0,0.0,0.0,0.0,0.0,0.0,0.0,0.0,0.0,0.0,0.0,0.0,0.0,0.0,0.0,0.0,0.0,0.0,0.0,0.0,0.0,0.0,0.0,0.0,0.0,0.0,0.0,0.0,0.0,,0.0,,0.0,,0.0,0.0,0.0,0.0,0.0,0.0,,0.0,0.0,0.0,0.0
mu_g,1.0,1.0,1.0,1.0,1.0,1.0,1.0,1.0,1.0,1.0,1.0,1.0,1.0,1.0,1.0,1.0,,1.0,1.0,1.0,1.0,1.0,1.0,1.0,1.0,1.0,1.0,1.0,1.0,1.0,1.0,,1.0,1.0,1.0,1.0,1.0,1.0,,1.0,1.0,1.0,1.0,1.0,1.0,1.0,1.0,,1.0,1.0,1.0,1.0,1.0,1.0,1.0,1.0,1.0,1.0,1.0,1.0,1.0,1.0,1.0,1.0,1.0,1.0,1.0,1.0,1.0,1.0,1.0,1.0,1.0,1.0,1.0,1.0,1.0,,1.0,1.0,1.0,1.0,1.0,1.0,1.0,1.0,1.0,1.0,1.0,1.0,1.0,1.0,1.0,1.0,1.0,1.0,1.0,1.0,1.0,1.0,1.0,1.0,1.0,1.0,1.0,1.0,1.0,1.0,1.0,,1.0,,1.0,,1.0,1.0,1.0,1.0,1.0,1.0,,1.0,1.0,1.0,1.0
