WKT,fid,O,D,O_lat,O_lon,D_lat,D_lon,length,walkwidth,width,side,buile_MAX,build_ave,build_Min,katagawa,green,bridge,tunnel,crosswalk,roof,river,D/H,gradient,maxspeed,O_altitude,D_altitude,green_g,green_l
"MULTILINESTRING ((139.6351511 35.4451014,139.6351717 35.4451211,139.6352069 35.4451548,139.6354147 35.4453537))",1,1,304,35.4451014,139.6351511,35.4453537,139.63541469999998,36.841,5.0,24.0,1,34.0,16.7,7.0,2.0,2,0,0,0,0,0.0,1.44,0.0054,50.0,1.5,1.3,0.0,0.0
"MULTILINESTRING ((139.6351511 35.4451014,139.6350952 35.4451518,139.6346356 35.4456024,139.6345646 35.4456508))",2,1,281,35.4451014,139.6351511,35.44565080000001,139.6345646,81.084,4.0,4.0,1,37.0,19.3,9.9,2.0,0,0,0,0,0,0.0,0.20698577,0.0025,0.0,1.5,1.3,0.0,0.0
"MULTILINESTRING ((139.6348471 35.4448707,139.6351004 35.4450629,139.6351403 35.4450932,139.6351511 35.4451014))",3,1,89,35.4451014,139.6351511,35.44487070000001,139.6348471,37.635,5.0,24.0,1,0.0,0.0,0.0,0.0,0,0,1,0,0,0.0,0.0,-0.0027,50.0,1.5,1.6,0.0,0.0
"MULTILINESTRING ((139.6370181 35.4473158,139.6371207 35.4472557,139.638059 35.4467315))",4,2,13,35.4473158,139.63701809999998,35.4467315,139.638059,114.51,4.0,14.0,1,68.0,0.0,21.0,0.0,1,0,0,0,0,0.0,0.0,0.0009,0.0,1.5,1.4,0.0,0.0
"MULTILINESTRING ((139.6373284 35.4477195,139.6372893 35.4476692,139.6370515 35.4473606,139.6370181 35.4473158))",5,2,3,35.4473158,139.63701809999998,35.4477195,139.6373284,52.964,10.0,30.0,1,68.0,0.0,20.0,0.0,2,0,0,0,0,0.0,0.0,-0.017,0.0,1.5,2.4,0.0,0.0
"MULTILINESTRING ((139.6360062 35.447893,139.6360595 35.4478625,139.6369262 35.4473701,139.6370181 35.4473158))",6,2,12,35.4473158,139.63701809999998,35.447893,139.6360062,111.9,4.0,10.0,1,33.0,0.0,16.0,0.0,0,0,0,0,0,0.0,0.0,0.0027,0.0,1.5,1.2,0.0,0.0
"MULTILINESTRING ((139.6373284 35.4477195,139.6372239 35.4477705,139.6362937 35.44826,139.6362381 35.4482943))",7,3,67,35.4477195,139.6373284,35.44829429999999,139.6362381,117.666,7.5,19.0,1,31.0,0.0,26.5,0.0,2,0,0,0,0,0.0,0.0,0.0025,0.0,2.4,2.1,0.0,0.0
"MULTILINESTRING ((139.6376326 35.4481189,139.6375959 35.4480698,139.6373681 35.4477723,139.6373284 35.4477195))",8,3,126,35.4477195,139.6373284,35.448118900000004,139.6376326,52.266000000000005,9.0,23.5,1,31.0,0.0,19.0,0.0,2,0,0,0,0,0.0,0.0,-0.0057,0.0,2.4,2.7,0.0,0.0
"MULTILINESTRING ((139.6383772 35.4471624,139.6374429 35.4476616,139.6373284 35.4477195))",9,3,73,35.4477195,139.6373284,35.44716240000001,139.63837719999998,113.421,7.5,19.0,1,68.0,0.0,31.0,0.0,2,0,0,0,0,0.0,0.0,0.0088,0.0,2.4,1.4,0.0,0.0
"MULTILINESTRING ((139.6383407 35.4490416,139.6383741 35.449128))",10,4,26,35.449128,139.6383741,35.4490416,139.6383407,10.072000000000001,11.5,29.0,1,0.0,0.0,0.0,0.0,0,0,0,1,0,0.0,0.0,0.0298,0.0,2.6,2.3,0.0,0.0
"MULTILINESTRING ((139.638609 35.4494474,139.6385742 35.4494,139.6384161 35.4491845,139.6383741 35.449128))",11,4,92,35.449128,139.6383741,35.4494474,139.638609,41.402,5.5,15.0,1,0.0,0.0,0.0,0.0,0,0,0,0,0,0.0,0.0,0.0024,0.0,2.6,2.5,0.0,0.0
"MULTILINESTRING ((139.6383741 35.449128,139.6385264 35.4490366,139.6390459 35.4487705,139.6393582 35.4486107,139.6394192 35.4485805))",12,4,74,35.449128,139.6383741,35.4485805,139.6394192,112.595,5.0,25.5,0,0.0,0.0,0.0,0.0,0,0,0,0,0,0.0,0.0,0.0009,0.0,2.6,2.5,0.0,0.0
"MULTILINESTRING ((139.6372833 35.4496789,139.6373896 35.4496167,139.6382712 35.4491829,139.6383741 35.449128))",13,4,25,35.449128,139.6383741,35.4496789,139.6372833,116.292,4.5,25.5,1,0.0,0.0,0.0,0.0,0,0,0,0,0,0.0,0.0,0.0026,0.0,2.6,2.3,0.0,0.0
"MULTILINESTRING ((139.6416053 35.4474589,139.6416571 35.4475308,139.6418629 35.4478035))",20,7,83,35.4474589,139.6416053,35.4478035,139.6418629,44.865,5.0,22.5,1,0.0,0.0,0.0,0.0,2,0,0,0,0,0.0,0.0,0.0089,40.0,3.4,3.0,0.0,0.0
"MULTILINESTRING ((139.6415573 35.4473987,139.6416053 35.4474589))",21,7,77,35.4474589,139.6416053,35.4473987,139.64155730000002,7.982,4.5,22.5,1,0.0,0.0,0.0,0.0,0,0,0,1,0,0.0,0.0,0.0,50.0,3.4,3.4,0.0,0.0
"MULTILINESTRING ((139.6404997 35.4480275,139.6405642 35.4479979,139.6410853 35.4477284,139.6415173 35.4475048,139.6416053 35.4474589))",22,7,116,35.4474589,139.6416053,35.4480275,139.6404997,118.446,5.0,25.5,1,0.0,0.0,0.0,0.0,0,0,0,0,0,0.0,0.0,0.0034,0.0,3.4,3.0,0.0,0.0
"MULTILINESTRING ((139.6397238 35.4450464,139.6396645 35.4450747,139.6387073 35.4456063,139.6386639 35.4456488))",28,9,112,35.44504640000001,139.6397238,35.445648799999994,139.63866389999998,117.315,5.0,15.5,1,0.0,0.0,0.0,0.0,2,0,0,0,0,0.0,0.0,-0.0009,0.0,0.8,0.9,0.0,0.0
"MULTILINESTRING ((139.6395276 35.4447903,139.6397238 35.4450464))",29,9,308,35.44504640000001,139.6397238,35.4447903,139.63952759999998,33.568000000000005,5.0,23.5,1,36.0,33.5,31.0,0.0,2,0,0,0,0,0.0,0.701492537,0.006,50.0,0.8,0.6,0.0,0.0
"MULTILINESTRING ((139.6362381 35.4482943,139.6360062 35.447893))",34,12,67,35.447893,139.6360062,35.44829429999999,139.6362381,49.32,6.0,18.0,1,32.0,30.0,28.0,2.0,2,0,0,0,0,0.0,0.6,-0.0182,0.0,1.2,2.1,0.0,0.0
"MULTILINESTRING ((139.638059 35.4467315,139.6390516 35.4461739,139.6390996 35.4461509))",36,13,113,35.4467315,139.638059,35.4461509,139.6390996,114.265,3.0,10.5,1,0.0,0.0,0.0,0.0,0,0,0,0,0,0.0,0.0,0.0026,0.0,1.4,1.1,0.0,0.0
"MULTILINESTRING ((139.6382267 35.4469414,139.638059 35.4467315))",37,13,292,35.4467315,139.638059,35.4469414,139.6382267,27.848000000000003,5.5,17.0,1,0.0,0.0,0.0,0.0,2,0,0,0,0,0.0,0.0,-0.0251,0.0,1.4,2.1,0.0,0.0
"MULTILINESTRING ((139.635682 35.4473125,139.6355137 35.4470227))",41,15,299,35.4473125,139.635682,35.4470227,139.6355137,35.649,6.0,18.0,1,39.0,16.3,4.0,2.0,2,0,0,0,0,0.0,1.107692308,-0.0084,0.0,0.8,1.1,0.0,0.0
"MULTILINESTRING ((139.63662 35.4467904,139.6365135 35.4468489,139.636383 35.446916,139.6363383 35.4469197,139.6358939 35.4471714,139.6358581 35.4472142,139.6357312 35.4472789,139.635682 35.4473125))",43,15,16,35.4473125,139.635682,35.4467904,139.63662,103.85,5.0,12.0,1,0.0,0.0,0.0,0.0,2,0,0,0,0,0.0,0.0,-0.0019,0.0,0.8,1.0,0.0,0.0
"MULTILINESTRING ((139.6364282 35.4465236,139.6365674 35.4467229,139.63662 35.4467904))",44,16,298,35.4467904,139.63662,35.446523600000006,139.63642819999998,34.387,8.5,24.0,1,0.0,0.0,0.0,0.0,2,0,0,0,0,0.0,0.0,0.0,0.0,1.0,1.0,0.0,0.0
"MULTILINESTRING ((139.6376047 35.4462247,139.636727 35.4467274,139.63662 35.4467904))",45,16,17,35.4467904,139.63662,35.4462247,139.63760469999997,109.149,5.0,12.0,1,0.0,0.0,0.0,0.0,2,0,0,0,0,0.0,0.0,0.0,0.0,1.0,1.0,0.0,0.0
"MULTILINESTRING ((139.6376047 35.4462247,139.637392 35.445988))",46,17,300,35.4462247,139.63760469999997,35.445988,139.637392,32.619,5.5,17.0,1,0.0,0.0,0.0,0.0,2,0,0,0,0,0.0,0.0,-0.0092,0.0,1.0,1.3,0.0,0.0
"MULTILINESTRING ((139.6386639 35.4456488,139.6386077 35.4456693,139.6376047 35.4462247))",47,17,112,35.4462247,139.63760469999997,35.445648799999994,139.63866389999998,115.43799999999999,5.0,12.0,1,0.0,0.0,0.0,0.0,2,0,0,0,0,0.0,0.0,0.0009,0.0,1.0,0.9,0.0,0.0
"MULTILINESTRING ((139.6365155 35.4486898,139.6362381 35.4482943))",48,18,67,35.4486898,139.6365155,35.44829429999999,139.6362381,50.65,6.0,18.0,1,38.0,27.0,17.0,2.0,2,0,0,0,0,0.0,0.666666667,0.002,0.0,2.2,2.1,0.0,0.0
"MULTILINESTRING ((139.6365155 35.4486898,139.6365744 35.4486587,139.637096 35.4483899))",49,18,657,35.4486898,139.6365155,35.448389899999995,139.63709599999999,62.266999999999996,4.0,13.0,1,0.0,0.0,0.0,0.0,0,0,0,0,0,0.0,0.0,-0.0048,0.0,2.2,2.5,0.0,0.0
"MULTILINESTRING ((139.6368549 35.4491284,139.636813 35.4490757,139.6365155 35.4486898))",50,18,120,35.4486898,139.6365155,35.4491284,139.6368549,57.653,6.0,18.0,1,36.0,29.0,17.0,2.0,2,0,0,0,0,0.0,0.620689655,0.0017,0.0,2.2,2.1,0.0,0.0
"MULTILINESTRING ((139.635826 35.4458467,139.6359477 35.4459258))",59,22,649,35.4458467,139.635826,35.4459258,139.6359477,14.103,8.5,24.0,1,0.0,0.0,0.0,0.0,2,0,0,1,0,0.0,0.0,0.1276,0.0,2.8,1.0,0.0,0.0
"MULTILINESTRING ((139.635826 35.4458467,139.6359145 35.4457963))",60,22,648,35.4458467,139.635826,35.4457963,139.6359145,9.782,6.0,33.0,1,0.0,0.0,0.0,0.0,2,0,0,1,0,0.0,0.0,0.1533,0.0,2.8,1.3,0.0,0.0
"MULTILINESTRING ((139.6350535 35.4462722,139.6351633 35.4462152,139.6354684 35.4460564,139.6357124 35.4459133,139.635826 35.4458467))",61,22,621,35.4458467,139.635826,35.44627220000001,139.6350535,84.50399999999999,6.0,33.0,1,0.0,0.0,0.0,0.0,2,0,0,0,0,0.0,0.0,0.0189,0.0,2.8,1.2,0.0,0.0
"MULTILINESTRING ((139.6357839 35.4457953,139.635826 35.4458467))",62,22,647,35.4458467,139.635826,35.4457953,139.6357839,6.871,5.0,24.0,1,0.0,0.0,0.0,0.0,2,0,0,1,0,0.0,0.0,0.2183,50.0,2.8,1.3,0.0,0.0
"MULTILINESTRING ((139.6372833 35.4496789,139.6372259 35.449606))",70,25,27,35.4496789,139.6372833,35.44960600000001,139.6372259,9.63,5.5,26.0,1,0.0,0.0,0.0,0.0,2,0,0,1,0,0.0,0.0,0.0,30.0,2.3,2.3,0.0,0.0
"MULTILINESTRING ((139.6375386 35.4499881,139.6373476 35.4497546,139.6372833 35.4496789))",71,25,85,35.4496789,139.6372833,35.4499881,139.63753860000003,41.43600000000001,5.5,26.0,1,0.0,0.0,0.0,0.0,2,0,0,0,0,0.0,0.0,-0.0024,30.0,2.3,2.4,0.0,0.0
"MULTILINESTRING ((139.6379704 35.448563,139.6380011 35.4486057,139.63828 35.4489704,139.6383407 35.4490416))",73,26,121,35.4490416,139.6383407,35.448563,139.6379704,62.92,8.5,24.0,1,0.0,0.0,0.0,0.0,2,0,0,0,0,0.0,0.0,-0.0032,0.0,2.3,2.5,0.0,0.0
"MULTILINESTRING ((139.6383407 35.4490416,139.6382092 35.4491131,139.6377905 35.4493185))",74,26,659,35.4490416,139.6383407,35.4493185,139.6377905,58.593999999999994,7.38,25.83,1,0.0,0.0,0.0,0.0,1,0,0,0,0,0.0,0.0,-0.0017,0.0,2.3,2.4,0.0,0.0
"MULTILINESTRING ((139.6393679 35.4485144,139.6393056 35.4485443,139.6388223 35.4487923,139.6384769 35.4489641,139.6383407 35.4490416))",75,26,76,35.4490416,139.6383407,35.4485144,139.6393679,109.99700000000001,5.0,25.4,0,0.0,0.0,0.0,0.0,0,0,0,1,0,0.0,0.0,-0.0018,0.0,2.3,2.5,0.0,0.0
"MULTILINESTRING ((139.6372259 35.449606,139.6371762 35.4495446,139.636918 35.4492084,139.6368919 35.4491753,139.6368549 35.4491284))",77,27,120,35.44960600000001,139.6372259,35.4491284,139.6368549,62.848,6.0,18.0,1,31.0,19.7,13.0,2.0,2,0,0,0,0,0.0,0.915254237,0.0032,0.0,2.3,2.1,0.0,0.0
"MULTILINESTRING ((139.6377905 35.4493185,139.6373396 35.4495518,139.6372259 35.449606))",78,27,659,35.44960600000001,139.6372259,35.4493185,139.6377905,60.318999999999996,4.8,25.8,1,0.0,0.0,0.0,0.0,0,0,0,0,0,0.0,0.0,-0.0017,0.0,2.3,2.4,0.0,0.0
"MULTILINESTRING ((139.6350535 35.4462722,139.6350275 35.4462183))",108,37,621,35.4462183,139.63502749999998,35.44627220000001,139.6350535,6.44,6.0,15.0,1,0.0,0.0,0.0,0.0,2,0,0,1,0,0.0,0.0,0.0,0.0,1.2,1.2,0.0,0.0
"MULTILINESTRING ((139.6357839 35.4457953,139.6356684 35.4458599,139.6351246 35.446164,139.6350275 35.4462183))",109,37,647,35.4462183,139.63502749999998,35.4457953,139.6357839,83.11,6.0,33.0,1,0.0,0.0,0.0,0.0,2,0,0,0,0,0.0,0.0,-0.0012,0.0,1.2,1.3,0.0,0.0
"MULTILINESTRING ((139.6400763 35.4454783,139.6401422 35.4455734))",122,41,69,35.4454783,139.6400763,35.4455734,139.64014219999999,12.142999999999999,4.5,22.5,1,38.0,22.7,30.0,2.0,2,0,0,0,0,0.0,0.992647059,-0.0165,50.0,0.7,0.9,0.0,0.0
"MULTILINESTRING ((139.6408424 35.4464846,139.6408839 35.4465347,139.6411739 35.446914))",141,51,124,35.446484600000005,139.64084240000003,35.446914,139.6411739,56.409,4.5,22.5,1,54.0,40.5,27.0,2.0,2,0,0,0,0,0.0,0.5555555560000001,-0.0071,50.0,2.8,3.2,0.0,0.0
"MULTILINESTRING ((139.6405095 35.4460537,139.6407984 35.4464297,139.6408424 35.4464846))",142,51,68,35.446484600000005,139.64084240000003,35.4460537,139.6405095,56.61600000000001,5.0,22.5,1,31.0,16.3,6.0,2.0,2,0,0,0,0,0.0,1.37755102,0.0194,50.0,2.8,1.7,0.0,0.0
"MULTILINESTRING ((139.6397765 35.4470209,139.6398282 35.4469952,139.6407847 35.4465113,139.6408424 35.4464846))",143,51,128,35.446484600000005,139.64084240000003,35.4470209,139.63977649999998,113.49,4.0,13.0,1,0.0,0.0,0.0,0.0,2,0,0,0,0,0.0,0.0,-0.0026,0.0,2.8,3.1,0.0,0.0
"MULTILINESTRING ((139.6405095 35.4460537,139.6404518 35.4460856,139.6395214 35.4465664,139.6394676 35.4465945))",191,68,114,35.4460537,139.6405095,35.44659450000001,139.6394676,111.914,7.5,19.0,1,0.0,0.0,0.0,0.0,2,0,0,0,0,0.0,0.0,-0.0045,0.0,1.7,2.2,0.0,0.0
"MULTILINESTRING ((139.6403138 35.4458063,139.6405095 35.4460537))",192,68,293,35.4460537,139.6405095,35.445806299999994,139.6403138,32.727,4.5,22.5,1,9.0,7.5,6.0,2.0,2,0,0,0,0,0.0,3.0,0.0153,50.0,1.7,1.2,0.0,0.0
"MULTILINESTRING ((139.6401422 35.4455734,139.6401704 35.4456148,139.6403138 35.4458063))",193,69,293,35.4455734,139.64014219999999,35.445806299999994,139.6403138,30.208000000000002,4.5,22.5,1,30.0,22.3,13.0,2.0,2,0,0,0,0,0.0,1.011235955,-0.0099,50.0,0.9,1.2,0.0,0.0
"MULTILINESTRING ((139.6390996 35.4461509,139.6391485 35.4461294,139.6400793 35.4456082,139.6401422 35.4455734))",194,69,113,35.4455734,139.64014219999999,35.4461509,139.6390996,114.23700000000001,2.0,9.5,1,38.0,19.8,10.0,2.0,0,0,0,0,0,0.0,0.481012658,-0.0018,0.0,0.9,1.1,0.0,0.0
"MULTILINESTRING ((139.6361269 35.4446182,139.6359771 35.4444558,139.6359325 35.444408))",195,70,725,35.44440800000001,139.6359325,35.4446182,139.63612690000002,29.265,5.5,17.0,1,63.0,29.0,7.0,2.0,2,0,0,0,0,0.0,0.5862068970000001,0.0205,0.0,2.0,1.4,0.0,0.0
"MULTILINESTRING ((139.636701 35.4438147,139.6365835 35.4438921,139.6365323 35.4439258,139.6363993 35.4440191,139.6361881 35.4441806,139.6360562 35.4442935,139.6359325 35.444408))",196,70,138,35.44440800000001,139.6359325,35.443814700000004,139.636701,96.08200000000001,5.0,15.5,1,42.0,23.7,7.0,2.0,0,0,0,0,0,0.0,0.654929577,0.0125,0.0,2.0,0.8,0.0,0.0
"MULTILINESTRING ((139.6352138 35.4450583,139.6352614 35.4450159,139.6355384 35.4447707,139.6358732 35.44447,139.6358944 35.4444509,139.6359325 35.444408))",197,70,642,35.44440800000001,139.6359325,35.4450583,139.6352138,97.336,5.0,17.0,1,63.0,32.5,7.0,2.0,0,0,0,0,0,0.0,0.523076923,0.0062,0.0,2.0,1.4,0.0,0.0
"MULTILINESTRING ((139.6365325 35.4450461,139.6366861 35.4452118,139.6367375 35.4452682))",198,71,306,35.4452682,139.6367375,35.4450461,139.6365325,30.9,3.5,13.0,1,30.0,30.0,30.0,2.0,2,0,0,0,0,0.0,0.433333333,0.0097,0.0,1.2,0.9,0.0,0.0
"MULTILINESTRING ((139.6367375 35.4452682,139.6359994 35.4456693,139.635873 35.4457381))",199,71,645,35.4452682,139.6367375,35.4457381,139.635873,94.14399999999999,6.0,33.0,1,31.0,30.0,29.0,2.0,2,0,0,0,0,0.0,1.1,0.0011,30.0,1.2,1.1,0.0,0.0
"MULTILINESTRING ((139.6375769 35.4448046,139.6367375 35.4452682))",200,71,310,35.4452682,139.6367375,35.444804600000005,139.63757690000003,91.866,6.0,33.0,1,30.0,30.0,30.0,2.0,2,0,0,0,0,0.0,1.1,0.0044,30.0,1.2,0.8,0.0,1.0
"MULTILINESTRING ((139.6367893 35.4453217,139.6367375 35.4452682))",201,71,652,35.4452682,139.6367375,35.4453217,139.6367893,7.577000000000001,3.5,13.0,1,0.0,0.0,0.0,0.0,2,0,0,1,0,0.0,0.0,0.0,0.0,1.2,1.2,0.0,0.0
"MULTILINESTRING ((139.6371917 35.4457669,139.6382104 35.4452017,139.6382499 35.4451782))",202,72,109,35.4457669,139.6371917,35.4451782,139.6382499,116.08,3.5,12.0,1,31.0,25.0,5.0,2.0,0,0,0,0,0,0.0,0.48,0.0043,0.0,1.4,0.9,0.0,0.0
"MULTILINESTRING ((139.6362462 35.4462925,139.6363543 35.4462304,139.6371917 35.4457669))",203,72,108,35.4457669,139.6371917,35.4462925,139.6362462,103.691,3.5,12.0,1,31.0,25.0,10.0,2.0,0,0,0,0,0,0.0,0.48,0.0039,0.0,1.4,1.0,0.0,0.0
"MULTILINESTRING ((139.637392 35.445988,139.6371917 35.4457669))",204,72,300,35.4457669,139.6371917,35.445988,139.637392,30.555999999999997,4.0,12.5,1,0.0,0.0,0.0,0.0,2,0,0,0,0,0.0,0.0,0.0033,0.0,1.4,1.3,0.0,0.0
"MULTILINESTRING ((139.6383772 35.4471624,139.6383475 35.4471104,139.6382267 35.4469414))",205,73,292,35.44716240000001,139.63837719999998,35.4469414,139.6382267,28.123,5.5,17.0,1,0.0,0.0,0.0,0.0,2,0,0,0,0,0.0,0.0,-0.0249,0.0,1.4,2.1,0.0,0.0
"MULTILINESTRING ((139.6394676 35.4465945,139.6394139 35.4466232,139.6383772 35.4471624))",206,73,114,35.44716240000001,139.63837719999998,35.44659450000001,139.6394676,117.235,7.5,19.0,1,0.0,0.0,0.0,0.0,2,0,0,0,0,0.0,0.0,-0.0068,0.0,1.4,2.2,0.0,0.0
"MULTILINESTRING ((139.638683 35.4475826,139.6385531 35.4474108,139.6384074 35.4472148,139.6383772 35.4471624))",207,73,127,35.44716240000001,139.63837719999998,35.4475826,139.63868300000001,54.353,5.5,17.0,1,0.0,0.0,0.0,0.0,2,0,0,0,0,0.0,0.0,-0.0221,0.0,1.4,2.6,0.0,0.0
"MULTILINESTRING ((139.6394192 35.4485805,139.6393679 35.4485144))",208,74,76,35.4485805,139.6394192,35.4485144,139.6393679,8.696,5.5,17.0,1,0.0,0.0,0.0,0.0,2,0,0,1,0,0.0,0.0,0.0,0.0,2.5,2.5,0.0,0.0
"MULTILINESTRING ((139.6394192 35.4485805,139.639491 35.4485462,139.6404328 35.4480601,139.6404997 35.4480275))",209,74,116,35.4485805,139.6394192,35.4480275,139.6404997,115.596,5.0,25.4,0,0.0,0.0,0.0,0.0,0,0,0,0,0,0.0,0.0,-0.0043,0.0,2.5,3.0,0.0,0.0
"MULTILINESTRING ((139.6396606 35.4489136,139.6394564 35.4486307,139.6394192 35.4485805))",210,74,84,35.4485805,139.6394192,35.4489136,139.63966059999998,43.012,5.5,17.0,1,0.0,0.0,0.0,0.0,2,0,0,0,0,0.0,0.0,-0.0046,0.0,2.5,2.7,0.0,0.0
"MULTILINESTRING ((139.6393679 35.4485144,139.6393291 35.4484627,139.639056 35.4480887,139.6390274 35.4480331))",214,76,122,35.4485144,139.6393679,35.44803310000001,139.6390274,61.83,5.5,17.0,1,0.0,0.0,0.0,0.0,2,0,0,0,0,0.0,0.0,-0.0065,0.0,2.5,2.9,0.0,0.0
"MULTILINESTRING ((139.6404587 35.4479659,139.6403902 35.4480014,139.6402509 35.4480724,139.6394399 35.4484783,139.6393679 35.4485144))",215,76,115,35.4485144,139.6393679,35.4479659,139.64045869999998,116.118,5.0,25.4,0,0.0,0.0,0.0,0.0,0,0,0,0,0,0.0,0.0,-0.0043,0.0,2.5,3.0,0.0,0.0
"MULTILINESTRING ((139.6415573 35.4473987,139.6414714 35.4474479,139.6405173 35.4479366,139.6404587 35.4479659))",216,77,115,35.4473987,139.64155730000002,35.4479659,139.64045869999998,117.831,5.0,25.4,0,0.0,0.0,0.0,0.0,0,0,0,0,0,0.0,0.0,0.0034,0.0,3.4,3.0,0.0,0.0
"MULTILINESTRING ((139.6411739 35.446914,139.6415028 35.4473307,139.6415573 35.4473987))",218,77,124,35.4473987,139.64155730000002,35.446914,139.6411739,64.117,4.5,22.5,1,29.0,21.7,17.0,2.0,2,0,0,0,0,0.0,1.038461538,0.0031,50.0,3.4,3.2,0.0,0.0
"MULTILINESTRING ((139.6400379 35.4494167,139.6396606 35.4489136))",225,81,84,35.4494167,139.64003789999998,35.4489136,139.63966059999998,65.556,5.5,17.0,1,0.0,0.0,0.0,0.0,2,0,0,0,0,0.0,0.0,0.0122,0.0,3.5,2.7,0.0,0.0
"MULTILINESTRING ((139.6400379 35.4494167,139.6390322 35.4499024,139.6389804 35.4499275))",226,81,93,35.4494167,139.64003789999998,35.4499275,139.6389804,111.36399999999999,2.5,11.0,1,0.0,0.0,0.0,0.0,1,0,0,0,0,0.0,0.0,0.0072,0.0,3.5,2.7,0.0,0.0
"MULTILINESTRING ((139.6411288 35.4488948,139.6410759 35.448921,139.6400379 35.4494167))",227,81,243,35.4494167,139.64003789999998,35.4488948,139.64112880000002,114.598,2.5,11.0,1,0.0,0.0,0.0,0.0,1,0,0,0,0,0.0,0.0,0.006999999999999999,0.0,3.5,2.7,0.0,0.0
"MULTILINESTRING ((139.6418629 35.4478035,139.6420303 35.448011,139.6422735 35.4483421))",231,83,242,35.4478035,139.6418629,35.448342100000005,139.64227350000002,70.514,5.0,22.5,1,0.0,0.0,0.0,0.0,0,0,0,0,0,0.0,0.0,0.0028,40.0,3.0,2.8,0.0,0.0
"MULTILINESTRING ((139.6407474 35.4483686,139.6408061 35.4483398,139.6417988 35.4478362,139.6418629 35.4478035))",232,83,118,35.4478035,139.6418629,35.4483686,139.6407474,118.991,3.5,15.0,1,0.0,0.0,0.0,0.0,1,0,0,0,0,0.0,0.0,-0.0008,0.0,3.0,3.1,0.0,0.0
"MULTILINESTRING ((139.6396606 35.4489136,139.64069 35.4483949,139.6407474 35.4483686))",233,84,118,35.4489136,139.63966059999998,35.4483686,139.6407474,115.60799999999999,3.5,15.0,1,0.0,0.0,0.0,0.0,0,0,0,0,0,0.0,0.0,-0.0035,0.0,2.7,3.1,0.0,0.0
"MULTILINESTRING ((139.638609 35.4494474,139.6386623 35.4494188,139.6396606 35.4489136))",234,84,92,35.4489136,139.63966059999998,35.4494474,139.638609,112.238,3.5,15.0,1,0.0,0.0,0.0,0.0,0,0,0,0,0,0.0,0.0,0.0018,0.0,2.7,2.5,0.0,0.0
"MULTILINESTRING ((139.6375386 35.4499881,139.6376153 35.449952,139.6385524 35.4494762,139.638609 35.4494474))",235,85,92,35.4499881,139.63753860000003,35.4494474,139.638609,114.092,3.5,15.0,1,0.0,0.0,0.0,0.0,0,0,0,0,0,0.0,0.0,-0.0009,0.0,2.4,2.5,0.0,0.0
"MULTILINESTRING ((139.6377259 35.4502085,139.6375386 35.4499881))",236,85,289,35.4499881,139.63753860000003,35.4502085,139.63772590000002,29.807,5.5,26.0,1,0.0,0.0,0.0,0.0,2,0,0,0,0,0.0,0.0,0.0,30.0,2.4,2.4,0.0,0.0
"MULTILINESTRING ((139.6379083 35.4504405,139.6377777 35.4502725,139.6377259 35.4502085))",239,87,289,35.450440500000006,139.63790830000002,35.4502085,139.63772590000002,30.636,5.5,26.0,1,0.0,0.0,0.0,0.0,2,0,0,0,0,0.0,0.0,0.0,30.0,2.4,2.4,0.0,0.0
"MULTILINESTRING ((139.6389804 35.4499275,139.6389222 35.4499558,139.6379756 35.4504086,139.6379083 35.4504405))",240,87,93,35.450440500000006,139.63790830000002,35.4499275,139.6389804,112.62700000000001,2.5,11.0,1,0.0,0.0,0.0,0.0,1,0,0,0,0,0.0,0.0,-0.0027,0.0,2.4,2.7,0.0,0.0
"MULTILINESTRING ((139.6345646 35.4456508,139.6343101 35.4454876))",241,88,281,35.4454876,139.6343101,35.44565080000001,139.6345646,29.34,7.0,20.0,1,0.0,0.0,0.0,0.0,0,0,1,0,0,0.0,0.0,0.017,0.0,1.8,1.3,0.0,0.0
"MULTILINESTRING ((139.6343101 35.4454876,139.6343612 35.4454289,139.6347819 35.4449459,139.6348471 35.4448707))",243,88,89,35.4454876,139.6343101,35.44487070000001,139.6348471,84.09399999999998,7.0,20.0,1,0.0,0.0,0.0,0.0,2,0,0,0,0,0.0,0.0,0.0024,50.0,1.8,1.6,0.0,0.0
"MULTILINESTRING ((139.6348471 35.4448707,139.634903 35.4448064))",245,89,640,35.44487070000001,139.6348471,35.444806400000004,139.634903,8.761000000000001,7.0,20.0,1,0.0,0.0,0.0,0.0,2,0,0,1,0,0.0,0.0,0.0,50.0,1.6,1.6,0.0,0.0
"MULTILINESTRING ((139.6377081 35.4425527,139.6380263 35.4429528,139.6381336 35.4430769))",247,90,694,35.4425527,139.6377081,35.443076899999994,139.6381336,69.89,5.5,20.0,1,0.0,0.0,0.0,0.0,0,0,1,0,0,0.0,0.0,0.0029,0.0,1.6,1.4,0.0,0.0
"MULTILINESTRING ((139.6362719 35.4436128,139.6364432 35.4434993,139.6366432 35.4433648,139.6370972 35.4430649,139.6371672 35.4430199,139.6373883 35.4428484,139.637568 35.4426783,139.6376246 35.4426237,139.6377081 35.4425527))",248,90,139,35.4425527,139.6377081,35.4436128,139.6362719,176.013,6.5,20.0,1,9.0,9.0,9.0,1.0,2,0,0,0,0,0.0,2.222222222,-0.0028,50.0,1.6,2.1,0.0,0.0
"MULTILINESTRING ((139.6387789 35.4496671,139.6386402 35.4494877,139.638609 35.4494474))",251,92,290,35.4494474,139.638609,35.449667100000006,139.6387789,28.873,5.5,15.0,1,0.0,0.0,0.0,0.0,1,0,0,0,0,0.0,0.0,-0.0069,0.0,2.5,2.7,0.0,0.0
"MULTILINESTRING ((139.6387789 35.4496671,139.6389457 35.4498827,139.6389804 35.4499275))",253,93,290,35.4499275,139.6389804,35.449667100000006,139.6387789,34.228,5.5,15.0,1,0.0,0.0,0.0,0.0,1,0,0,0,0,0.0,0.0,0.0,0.0,2.7,2.7,0.0,0.0
"MULTILINESTRING ((139.6353657 35.4467721,139.635426 35.4467424,139.6361448 35.4463484,139.6362462 35.4462925))",282,107,108,35.446772100000004,139.6353657,35.4462925,139.6362462,95.954,3.5,12.0,1,28.0,28.0,28.0,2.0,0,0,0,0,0,0.0,0.428571429,0.0021,0.0,1.2,1.0,0.0,0.0
"MULTILINESTRING ((139.6355137 35.4470227,139.6353657 35.4467721))",283,107,299,35.446772100000004,139.6353657,35.4470227,139.6355137,30.923000000000002,6.0,18.0,1,28.0,24.0,20.0,2.0,2,0,0,0,0,0.0,0.75,0.0032,0.0,1.2,1.1,0.0,0.0
"MULTILINESTRING ((139.6364282 35.4465236,139.6362788 35.4463345,139.6362462 35.4462925))",285,108,298,35.4462925,139.6362462,35.446523600000006,139.63642819999998,30.531999999999996,8.5,24.0,1,0.0,0.0,0.0,0.0,2,0,0,0,0,0.0,0.0,0.0,0.0,1.0,1.0,0.0,0.0
"MULTILINESTRING ((139.6382499 35.4451782,139.6384459 35.4454013))",286,109,307,35.4451782,139.6382499,35.4454013,139.6384459,30.506999999999998,4.5,15.0,1,25.0,18.0,13.0,2.0,2,0,0,0,0,0.0,0.833333333,-0.0033,0.0,0.9,1.0,1.0,0.0
"MULTILINESTRING ((139.6382499 35.4451782,139.638301 35.4451489,139.6392859 35.444601,139.6393434 35.4445699))",287,109,110,35.4451782,139.6382499,35.4445699,139.6393434,119.95,3.5,12.0,1,0.0,0.0,0.0,0.0,0,0,0,0,0,0.0,0.0,0.0025,0.0,0.9,0.6,0.0,0.0
"MULTILINESTRING ((139.6393434 35.4445699,139.6395276 35.4447903))",288,110,308,35.4445699,139.6393434,35.4447903,139.63952759999998,29.649,4.5,22.5,1,31.0,31.0,31.0,1.0,2,0,0,0,0,0.0,0.725806452,0.0,50.0,0.6,0.6,0.0,0.0
"MULTILINESTRING ((139.6389566 35.4441017,139.6390144 35.4441715,139.6393434 35.4445699))",289,110,653,35.4445699,139.6393434,35.444101700000004,139.6389566,62.754,4.5,22.5,1,30.0,30.0,30.0,1.0,2,0,0,0,0,0.0,0.75,-0.0048,50.0,0.6,0.9,0.0,0.0
"MULTILINESTRING ((139.637826 35.4446659,139.637865 35.4447201))",290,111,654,35.4446659,139.637826,35.4447201,139.63786499999998,6.986000000000001,4.5,15.0,1,0.0,0.0,0.0,0.0,2,0,0,1,0,0.0,0.0,-0.0143,0.0,0.8,0.9,0.0,0.0
"MULTILINESTRING ((139.637826 35.4446659,139.6377624 35.4447035,139.6375769 35.4448046))",291,111,310,35.4446659,139.637826,35.444804600000005,139.63757690000003,27.337,6.0,33.0,1,30.0,30.0,30.0,2.0,2,0,0,0,0,0.0,1.1,0.0,30.0,0.8,0.8,0.0,1.0
"MULTILINESTRING ((139.6389112 35.4440478,139.6387943 35.4441156,139.6378754 35.4446372,139.637826 35.4446659))",292,111,707,35.4446659,139.637826,35.44404779999999,139.6389112,119.95,6.0,33.0,1,45.0,31.0,17.0,2.0,2,0,0,0,0,0.0,1.064516129,-0.0008,30.0,0.8,0.9,0.0,0.0
"MULTILINESTRING ((139.6384459 35.4454013,139.6386639 35.4456488))",293,112,307,35.445648799999994,139.63866389999998,35.4454013,139.6384459,33.873000000000005,4.5,15.0,1,29.0,28.5,27.0,2.0,2,0,0,0,0,0.0,0.526315789,-0.003,0.0,0.9,1.0,1.0,0.0
"MULTILINESTRING ((139.6390996 35.4461509,139.6392828 35.4463603))",294,113,291,35.4461509,139.6390996,35.446360299999995,139.63928280000002,28.593000000000004,4.5,15.0,1,0.0,0.0,0.0,0.0,2,0,0,0,0,0.0,0.0,-0.0245,0.0,1.1,1.8,0.0,0.0
"MULTILINESTRING ((139.6394676 35.4465945,139.6395044 35.4466487,139.6397765 35.4470209))",295,114,128,35.44659450000001,139.6394676,35.4470209,139.63977649999998,55.058,4.5,15.0,1,0.0,0.0,0.0,0.0,1,0,0,0,0,0.0,0.0,-0.0163,0.0,2.2,3.1,0.0,0.0
"MULTILINESTRING ((139.6392828 35.4463603,139.6394288 35.4465375,139.6394676 35.4465945))",296,114,291,35.44659450000001,139.6394676,35.446360299999995,139.63928280000002,30.978,4.5,15.0,1,0.0,0.0,0.0,0.0,2,0,0,0,0,0.0,0.0,0.0129,0.0,2.2,1.8,0.0,0.0
"MULTILINESTRING ((139.6404587 35.4479659,139.6404997 35.4480275))",297,115,116,35.4479659,139.64045869999998,35.4480275,139.6404997,7.792000000000001,4.5,15.0,1,0.0,0.0,0.0,0.0,1,0,0,1,0,0.0,0.0,0.0,0.0,3.0,3.0,0.0,0.0
"MULTILINESTRING ((139.6401142 35.4474854,139.6401437 35.4475291,139.640321 35.447757,139.6404179 35.4479046,139.6404587 35.4479659))",298,115,123,35.4479659,139.64045869999998,35.4474854,139.64011420000003,61.913999999999994,4.5,15.0,1,0.0,0.0,0.0,0.0,1,0,0,0,0,0.0,0.0,-0.0048,0.0,3.0,3.3,0.0,0.0
"MULTILINESTRING ((139.6404997 35.4480275,139.6405413 35.4480899,139.6407474 35.4483686))",299,116,118,35.4480275,139.6404997,35.4483686,139.6407474,44.075,4.5,15.0,1,0.0,0.0,0.0,0.0,1,0,0,0,0,0.0,0.0,-0.0023,0.0,3.0,3.1,0.0,0.0
"MULTILINESTRING ((139.6407474 35.4483686,139.6408673 35.4485333,139.6410959 35.4488473,139.6411288 35.4488948))",301,118,243,35.4483686,139.6407474,35.4488948,139.64112880000002,67.95100000000001,4.5,15.0,1,0.0,0.0,0.0,0.0,1,0,0,0,0,0.0,0.0,0.0059,0.0,3.1,2.7,0.0,0.0
"MULTILINESTRING ((139.6374322 35.4488343,139.6369543 35.4490781,139.6369072 35.449102,139.6368549 35.4491284))",305,120,658,35.4491284,139.6368549,35.4488343,139.6374322,61.677,4.5,14.5,1,0.0,0.0,0.0,0.0,0,0,0,0,0,0.0,0.0,-0.0049,0.0,2.1,2.4,0.0,0.0
"MULTILINESTRING ((139.6379704 35.448563,139.6378717 35.4486139,139.6374322 35.4488343))",306,121,658,35.448563,139.6379704,35.4488343,139.6374322,57.331,4.5,14.5,1,0.0,0.0,0.0,0.0,0,0,0,0,0,0.0,0.0,0.0017,0.0,2.5,2.4,0.0,0.0
"MULTILINESTRING ((139.6376326 35.4481189,139.6376645 35.4481615,139.6379382 35.4485212,139.6379704 35.448563))",307,121,126,35.448563,139.6379704,35.448118900000004,139.6376326,58.093999999999994,8.5,24.0,1,0.0,0.0,0.0,0.0,2,0,0,0,0,0.0,0.0,-0.0034,0.0,2.5,2.7,0.0,0.0
"MULTILINESTRING ((139.6390274 35.4480331,139.6389609 35.4480712,139.6380807 35.4485075,139.6379704 35.448563))",308,121,122,35.448563,139.6379704,35.44803310000001,139.6390274,112.44,3.5,11.5,1,0.0,0.0,0.0,0.0,0,0,0,0,0,0.0,0.0,-0.0036,0.0,2.5,2.9,0.0,0.0
"MULTILINESTRING ((139.6390274 35.4480331,139.638683 35.4475826))",309,122,127,35.44803310000001,139.6390274,35.4475826,139.63868300000001,59.013999999999996,5.5,17.0,1,0.0,0.0,0.0,0.0,2,0,0,0,0,0.0,0.0,0.0051,0.0,2.9,2.6,0.0,0.0
"MULTILINESTRING ((139.6401142 35.4474854,139.640067 35.4475131,139.6390831 35.4480017,139.6390274 35.4480331))",310,122,123,35.44803310000001,139.6390274,35.4474854,139.64011420000003,115.786,3.5,11.5,1,0.0,0.0,0.0,0.0,0,0,0,0,0,0.0,0.0,-0.0035,0.0,2.9,3.3,0.0,0.0
"MULTILINESTRING ((139.6411739 35.446914,139.6411158 35.4469426,139.6401576 35.4474582,139.6401142 35.4474854))",311,123,124,35.4474854,139.64011420000003,35.446914,139.6411739,115.133,3.5,11.5,1,0.0,0.0,0.0,0.0,0,0,0,0,0,0.0,0.0,0.0009,0.0,3.3,3.2,0.0,0.0
"MULTILINESTRING ((139.6397765 35.4470209,139.6400852 35.4474404,139.6401142 35.4474854))",312,123,128,35.4474854,139.64011420000003,35.4470209,139.63977649999998,60.037,4.5,15.0,1,0.0,0.0,0.0,0.0,1,0,0,0,0,0.0,0.0,0.0033,0.0,3.3,3.1,0.0,0.0
"MULTILINESTRING ((139.6376326 35.4481189,139.6377447 35.4480614,139.6379118 35.4479762,139.638683 35.4475826))",314,126,127,35.448118900000004,139.6376326,35.4475826,139.63868300000001,112.29299999999999,4.0,13.0,1,0.0,0.0,0.0,0.0,1,0,0,0,0,0.0,0.0,0.0009,0.0,2.7,2.6,0.0,0.0
"MULTILINESTRING ((139.637096 35.4483899,139.6375246 35.448174,139.6376326 35.4481189))",315,126,657,35.448118900000004,139.6376326,35.448389899999995,139.63709599999999,57.19,4.0,13.0,1,0.0,0.0,0.0,0.0,1,0,0,0,0,0.0,0.0,0.0035,0.0,2.7,2.5,0.0,0.0
"MULTILINESTRING ((139.638683 35.4475826,139.6397249 35.447047,139.6397765 35.4470209))",316,127,128,35.4475826,139.63868300000001,35.4470209,139.63977649999998,117.102,4.0,13.0,1,0.0,0.0,0.0,0.0,2,0,0,0,0,0.0,0.0,-0.0043,0.0,2.6,3.1,0.0,0.0
"MULTILINESTRING ((139.6362719 35.4436128,139.6363432 35.443645,139.6365283 35.4437211,139.6366247 35.4437734,139.636701 35.4438147))",347,138,139,35.443814700000004,139.636701,35.4436128,139.6362719,44.957,5.0,23.0,1,0.0,0.0,0.0,0.0,0,0,1,0,0,0.0,0.0,-0.0289,0.0,0.8,2.1,0.0,0.0
"MULTILINESTRING ((139.6369853 35.4441293,139.6368685 35.4439907,139.6368172 35.4439339,139.6367386 35.443849,139.636701 35.4438147))",348,138,724,35.443814700000004,139.636701,35.44412929999999,139.63698530000002,43.474,6.5,17.0,1,42.0,42.0,42.0,1.0,2,0,0,0,0,0.0,0.404761905,-0.0046,0.0,0.8,1.0,0.0,0.0
"MULTILINESTRING ((139.634903 35.4448064,139.6349483 35.4447533,139.6350482 35.4446393,139.6354072 35.4442899,139.6357989 35.4439631,139.6361886 35.4436684,139.6362719 35.4436128))",349,139,640,35.4436128,139.6362719,35.444806400000004,139.634903,182.142,7.0,20.0,1,4.0,4.0,4.0,1.0,2,0,0,0,0,0.0,5.0,0.0027,50.0,2.1,1.6,0.0,0.0
"MULTILINESTRING ((139.6422735 35.4483421,139.6422131 35.4483701,139.6411842 35.4488678,139.6411288 35.4488948))",583,242,243,35.448342100000005,139.64227350000002,35.4488948,139.64112880000002,120.537,2.5,11.0,1,0.0,0.0,0.0,0.0,1,0,0,0,0,0.0,0.0,0.0008,0.0,2.8,2.7,0.0,0.0
"MULTILINESTRING ((139.634685 35.4457588,139.6346396 35.44571,139.6346143 35.4456828,139.6345646 35.4456508))",640,281,305,35.44565080000001,139.6345646,35.4457588,139.63468500000002,16.343,10.5,37.0,1,76.0,43.8,31.0,2.0,2,0,0,0,0,0.0,0.845714286,-0.0245,0.0,1.3,1.7,0.0,0.0
"MULTILINESTRING ((139.6387789 35.4496671,139.6387357 35.4496893,139.6377803 35.4501792,139.6377259 35.4502085))",651,289,290,35.4502085,139.63772590000002,35.449667100000006,139.6387789,112.79299999999999,5.0,5.0,0,0.0,0.0,0.0,0.0,0,0,0,0,0,0.0,0.0,-0.0027,0.0,2.4,2.7,0.0,0.0
"MULTILINESTRING ((139.6403138 35.4458063,139.6402583 35.445823,139.6393267 35.4463371,139.6392828 35.4463603))",652,291,293,35.446360299999995,139.63928280000002,35.445806299999994,139.6403138,112.029,4.0,4.0,0,0.0,0.0,0.0,0.0,0,0,0,0,0,0.0,0.0,0.0054,0.0,1.8,1.2,0.0,0.0
"MULTILINESTRING ((139.6382267 35.4469414,139.6392346 35.4463834,139.6392828 35.4463603))",653,291,292,35.446360299999995,139.63928280000002,35.4469414,139.6382267,115.455,4.0,4.0,0,0.0,0.0,0.0,0.0,0,0,0,0,0,0.0,0.0,-0.0026,0.0,1.8,2.1,0.0,0.0
"MULTILINESTRING ((139.637392 35.445988,139.6365183 35.4464723,139.6364282 35.4465236))",660,298,300,35.446523600000006,139.63642819999998,35.445988,139.637392,105.68700000000001,5.0,5.0,0,0.0,0.0,0.0,0.0,0,0,0,0,0,0.0,0.0,-0.0028,0.0,1.0,1.3,0.0,0.0
"MULTILINESTRING ((139.6355137 35.4470227,139.6355658 35.4470029,139.6363314 35.4465797,139.6364282 35.4465236))",661,298,299,35.446523600000006,139.63642819999998,35.4470227,139.6355137,99.779,5.0,5.0,0,0.0,0.0,0.0,0.0,0,0,0,0,0,0.0,0.0,-0.001,0.0,1.0,1.1,0.0,0.0
"MULTILINESTRING ((139.6384459 35.4454013,139.6383987 35.445427,139.637392 35.445988))",663,300,307,35.445988,139.637392,35.4454013,139.6384459,115.631,5.0,5.0,0,0.0,0.0,0.0,0.0,0,0,0,0,0,0.0,0.0,0.0026,0.0,1.3,1.0,0.0,0.0
"MULTILINESTRING ((139.6365325 35.4450461,139.636329 35.4448359))",665,303,306,35.4448359,139.63632900000002,35.4450461,139.6365325,29.768,3.5,13.0,1,19.0,15.0,10.0,2.0,2,0,0,0,0,0.0,0.8666666670000001,0.0067,0.0,1.1,0.9,0.0,0.0
"MULTILINESTRING ((139.6361269 35.4446182,139.6362881 35.4447919,139.636329 35.4448359))",666,303,725,35.4448359,139.63632900000002,35.4446182,139.63612690000002,30.351,8.5,19.0,1,63.0,29.0,7.0,2.0,1,0,0,0,0,0.0,0.655172414,-0.0099,0.0,1.1,1.4,0.0,0.0
"MULTILINESTRING ((139.636329 35.4448359,139.6363946 35.4447995,139.6371398 35.4443881,139.6371857 35.4443588))",667,303,706,35.4448359,139.63632900000002,35.44435880000001,139.63718569999997,94.01799999999999,3.0,10.0,1,39.0,26.0,19.0,2.0,0,0,0,0,0,0.0,0.384615385,0.0,0.0,1.1,1.1,0.0,0.0
"MULTILINESTRING ((139.6354887 35.4453073,139.6355569 35.4452714,139.636329 35.4448359))",668,303,634,35.4448359,139.63632900000002,35.44530730000001,139.6354887,92.427,4.0,10.5,1,63.0,39.7,8.0,2.0,0,0,0,0,0,0.0,0.264388489,-0.0011,0.0,1.1,1.2,0.0,0.0
"MULTILINESTRING ((139.634685 35.4457588,139.6347617 35.4457162,139.6353511 35.445389,139.6354147 35.4453537))",669,304,305,35.4453537,139.63541469999998,35.4457588,139.63468500000002,79.98999999999998,4.0,10.5,1,37.0,26.3,9.0,2.0,0,0,0,0,0,0.0,0.398734177,-0.005,0.0,1.3,1.7,0.0,0.0
"MULTILINESTRING ((139.6373722 35.4445725,139.6373179 35.4446042,139.6365783 35.4450203,139.6365325 35.4450461))",670,306,309,35.4450461,139.6365325,35.4445725,139.6373722,92.51799999999999,4.5,4.5,0,31.0,13.3,4.0,2.0,0,0,0,0,0,0.0,0.3375,-0.0022,0.0,0.9,1.1,0.0,0.0
"MULTILINESTRING ((139.6356883 35.4455146,139.6357274 35.4454928,139.6365325 35.4450461))",671,306,639,35.4450461,139.6365325,35.44551460000001,139.63568830000003,92.53200000000001,4.5,4.5,0,31.0,17.2,4.0,2.0,0,0,0,0,0,0.0,0.261818182,-0.0011,0.0,0.9,1.0,0.0,0.0
"MULTILINESTRING ((139.6395276 35.4447903,139.6394766 35.4448195,139.6384917 35.4453754,139.6384459 35.4454013))",672,307,308,35.4454013,139.6384459,35.4447903,139.63952759999998,119.23700000000001,5.5,5.5,0,0.0,0.0,0.0,0.0,1,0,0,0,0,0.0,0.0,0.0034,0.0,1.0,0.6,0.0,0.0
"MULTILINESTRING ((139.6373722 35.4445725,139.6371857 35.4443588))",673,309,706,35.4445725,139.6373722,35.44435880000001,139.63718569999997,29.156,6.5,17.0,1,19.0,19.0,19.0,1.0,0,0,0,0,0,0.0,0.894736842,0.0,0.0,1.1,1.1,0.0,0.0
"MULTILINESTRING ((139.6375769 35.4448046,139.6375325 35.4447526,139.637441 35.4446533,139.6373722 35.4445725))",674,309,310,35.4445725,139.6373722,35.444804600000005,139.63757690000003,31.785,6.5,17.0,1,0.0,0.0,0.0,0.0,1,0,0,0,0,0.0,0.0,0.0094,0.0,1.1,0.8,0.0,0.0
"MULTILINESTRING ((139.6354887 35.4453073,139.6352648 35.4451045,139.6352312 35.4450741,139.6352138 35.4450583))",1097,634,642,35.44530730000001,139.6354887,35.4450583,139.6352138,37.239000000000004,5.0,24.0,1,34.0,16.7,7.0,2.0,2,0,0,0,0,0.0,1.44,-0.0054,50.0,1.2,1.4,0.0,0.0
"MULTILINESTRING ((139.6356883 35.4455146,139.6354887 35.4453073))",1098,634,639,35.44530730000001,139.6354887,35.44551460000001,139.63568830000003,29.296,5.0,24.0,1,0.0,0.0,0.0,0.0,2,0,0,0,0,0.0,0.0,0.0068,50.0,1.2,1.0,0.0,0.0
"MULTILINESTRING ((139.635873 35.4457381,139.635805 35.4456559,139.6356883 35.4455146))",1105,639,645,35.44551460000001,139.63568830000003,35.4457381,139.635873,29.959,5.0,24.0,1,0.0,0.0,0.0,0.0,2,0,0,0,0,0.0,0.0,-0.0033,50.0,1.0,1.1,0.0,0.0
"MULTILINESTRING ((139.6352138 35.4450583,139.6351914 35.4450401,139.6351569 35.4450121,139.634903 35.4448064))",1106,640,642,35.444806400000004,139.634903,35.4450583,139.6352138,39.714,5.0,24.0,1,0.0,0.0,0.0,0.0,0,0,1,0,0,0.0,0.0,0.005,50.0,1.6,1.4,0.0,0.0
"MULTILINESTRING ((139.635873 35.4457381,139.6357839 35.4457953))",1109,645,647,35.4457381,139.635873,35.4457953,139.6357839,10.276,6.0,33.0,1,0.0,0.0,0.0,0.0,2,0,0,1,0,0.0,0.0,-0.0195,0.0,1.1,1.3,0.0,0.0
"MULTILINESTRING ((139.6359145 35.4457963,139.635873 35.4457381))",1110,645,648,35.4457381,139.635873,35.4457963,139.6359145,7.484,5.0,24.0,1,0.0,0.0,0.0,0.0,2,0,0,1,0,0.0,0.0,-0.0267,50.0,1.1,1.3,0.0,0.0
"MULTILINESTRING ((139.6359145 35.4457963,139.6360464 35.4457269,139.6367893 35.4453217))",1111,648,652,35.4457963,139.6359145,35.4453217,139.6367893,95.211,6.0,33.0,1,31.0,30.0,29.0,2.0,2,0,0,0,0,0.0,1.1,0.0011,30.0,1.3,1.2,0.0,0.0
"MULTILINESTRING ((139.6359477 35.4459258,139.6359145 35.4457963))",1112,648,649,35.4457963,139.6359145,35.4459258,139.6359477,14.71,8.5,24.0,1,0.0,0.0,0.0,0.0,2,0,0,1,0,0.0,0.0,0.0204,0.0,1.3,1.0,0.0,0.0
"MULTILINESTRING ((139.6367893 35.4453217,139.6378028 35.4447525,139.637865 35.4447201))",1114,652,654,35.4453217,139.6367893,35.4447201,139.63786499999998,118.20100000000001,6.0,33.0,1,30.0,30.0,30.0,2.0,2,0,0,0,0,0.0,1.1,0.0025,30.0,1.2,0.9,0.0,1.0
"MULTILINESTRING ((139.637865 35.4447201,139.6379187 35.4446908,139.638837 35.4441662,139.638925 35.4441186,139.6389566 35.4441017))",1116,653,654,35.444101700000004,139.6389566,35.4447201,139.63786499999998,120.449,6.0,33.0,1,45.0,31.0,17.0,2.0,2,0,0,0,0,0.0,1.064516129,0.0,30.0,0.9,0.9,0.0,0.0
"MULTILINESTRING ((139.6389112 35.4440478,139.6389349 35.4440759,139.6389566 35.4441017))",1117,653,707,35.444101700000004,139.6389566,35.44404779999999,139.6389112,7.269,5.5,23.7,1,0.0,0.0,0.0,0.0,2,0,0,1,0,0.0,0.0,0.0,50.0,0.9,0.9,0.0,0.0
"MULTILINESTRING ((139.6374322 35.4488343,139.6374185 35.448807,139.6371208 35.4484237,139.637096 35.4483899))",1118,657,658,35.448389899999995,139.63709599999999,35.4488343,139.6374322,58.093999999999994,4.5,4.5,0,0.0,0.0,0.0,0.0,0,0,0,0,0,0.0,0.0,0.0017,0.0,2.5,2.4,0.0,0.0
"MULTILINESTRING ((139.6377905 35.4493185,139.6377595 35.4492806,139.6374454 35.4488656,139.6374322 35.4488343))",1119,658,659,35.4488343,139.6374322,35.4493185,139.6377905,62.956,4.5,4.5,0,0.0,0.0,0.0,0.0,0,0,0,0,0,0.0,0.0,0.0,0.0,2.4,2.4,0.0,0.0
"MULTILINESTRING ((139.6381336 35.4430769,139.6388369 35.4439656,139.6389112 35.4440478))",1142,694,707,35.443076899999994,139.6381336,35.44404779999999,139.6389112,128.928,5.5,5.5,0,31.0,20.3,8.0,2.0,0,0,0,0,0,0.0,0.27049180300000003,0.0039,0.0,1.4,0.9,0.0,0.0
"MULTILINESTRING ((139.6371857 35.4443588,139.6369853 35.4441293))",1149,706,724,35.44435880000001,139.63718569999997,35.44412929999999,139.63698530000002,31.318,6.5,17.0,1,39.7,39.7,39.7,1.0,2,0,0,0,0,0.0,0.428211587,0.0032,0.0,1.1,1.0,0.0,0.0
"MULTILINESTRING ((139.6361269 35.4446182,139.6361826 35.4445865,139.6369438 35.4441529,139.6369853 35.4441293))",1158,724,725,35.44412929999999,139.63698530000002,35.4446182,139.63612690000002,94.88,5.0,5.0,0,42.0,29.9,9.0,2.0,0,0,0,0,0,0.0,0.167364017,-0.0042,0.0,1.0,1.4,0.0,0.0
"MULTILINESTRING ((139.635682 35.4473125,139.6358436 35.4476033))",1164,15,728,35.4473125,139.635682,35.4476033,139.6358436,35.32800000000001,6.0,18.0,1,23.0,16.5,10.0,2.0,2,0,0,0,0,0.0,1.090909091,-0.0028,0.0,0.8,0.9,0.0,0.0
"MULTILINESTRING ((139.6358436 35.4476033,139.6360062 35.447893))",1165,728,12,35.4476033,139.6358436,35.447893,139.6360062,35.269,6.0,18.0,1,28.0,15.0,4.0,2.0,2,0,0,0,0,0.0,1.2,-0.0085,0.0,0.9,1.2,0.0,0.0
"MULTILINESTRING ((139.63662 35.4467904,139.6368199 35.4470609))",1166,16,729,35.4467904,139.63662,35.4470609,139.6368199,35.14,8.5,24.0,1,0.0,0.0,0.0,0.0,2,0,0,0,0,0.0,0.0,-0.0057,0.0,1.0,1.2,0.0,0.0
"MULTILINESTRING ((139.6368199 35.4470609,139.6370181 35.4473158))",1167,729,2,35.4470609,139.6368199,35.4473158,139.63701809999998,35.47,8.5,24.0,1,0.0,0.0,0.0,0.0,2,0,0,0,0,0.0,0.0,-0.0085,0.0,1.2,1.5,0.0,0.0
"MULTILINESTRING ((139.6358436 35.4476033,139.6368199 35.4470609))",1169,728,729,35.4476033,139.6358436,35.4470609,139.6368199,105.906,4.5,4.5,0,0.0,0.0,0.0,0.0,0,0,0,0,0,0.0,0.0,-0.0028,0.0,0.9,1.2,0.0,0.0
"MULTILINESTRING ((139.6368199 35.4470609,139.6378412 35.4464858))",1170,729,730,35.4470609,139.6368199,35.4464858,139.63784119999997,105.29700000000001,4.5,4.5,0,0.0,0.0,0.0,0.0,0,0,0,0,0,0.0,0.0,-0.0047,0.0,1.2,1.7,0.0,0.0
"MULTILINESTRING ((139.6378412 35.4464858,139.638886 35.4459065))",1171,730,731,35.4464858,139.63784119999997,35.4459065,139.638886,114.831,4.5,4.5,0,0.0,0.0,0.0,0.0,0,0,0,0,0,0.0,0.0,0.0078,0.0,1.7,0.8,0.0,0.0
"MULTILINESTRING ((139.638886 35.4459065,139.6399402 35.4453157))",1172,731,732,35.4459065,139.638886,35.4453157,139.63994019999998,114.831,4.5,4.5,0,0.0,0.0,0.0,0.0,0,0,0,0,0,0.0,0.0,0.0,0.0,0.8,0.8,0.0,0.0
"MULTILINESTRING ((139.638059 35.4467315,139.6378412 35.4464858))",1173,13,730,35.4467315,139.638059,35.4464858,139.63784119999997,33.065,5.5,17.0,1,0.0,0.0,0.0,0.0,2,0,0,0,0,0.0,0.0,-0.0091,0.0,1.4,1.7,0.0,0.0
"MULTILINESTRING ((139.6378412 35.4464858,139.6376047 35.4462247))",1174,730,17,35.4464858,139.63784119999997,35.4462247,139.63760469999997,36.047,5.5,17.0,1,0.0,0.0,0.0,0.0,2,0,0,0,0,0.0,0.0,0.0194,0.0,1.7,1.0,0.0,0.0
"MULTILINESTRING ((139.6390996 35.4461509,139.638886 35.4459065))",1175,113,731,35.4461509,139.6390996,35.4459065,139.638886,33.381,4.5,15.0,1,29.0,20.3,10.0,2.0,2,0,0,0,0,0.0,0.740740741,0.009000000000000001,0.0,1.1,0.8,1.0,0.0
"MULTILINESTRING ((139.638886 35.4459065,139.6386639 35.4456488))",1176,731,112,35.4459065,139.638886,35.445648799999994,139.63866389999998,34.855,4.5,15.0,1,27.0,18.5,10.0,1.0,2,0,0,0,0,0.0,0.810810811,-0.0029,0.0,0.8,0.9,1.0,0.0
"MULTILINESTRING ((139.6400763 35.4454783,139.6399402 35.4453157))",1177,41,732,35.4454783,139.6400763,35.4453157,139.63994019999998,21.938000000000002,4.5,22.5,1,38.0,29.0,22.0,1.0,2,0,0,0,0,0.0,0.7758620690000001,-0.0046,0.0,0.7,0.8,0.0,0.0
"MULTILINESTRING ((139.6399402 35.4453157,139.6397238 35.4450464))",1178,732,9,35.4453157,139.63994019999998,35.44504640000001,139.6397238,35.674,4.5,22.5,1,31.0,28.5,26.0,1.0,2,0,0,0,0,0.0,0.7894736840000001,0.0,0.0,0.8,0.8,0.0,0.0
"MULTILINESTRING ((139.63521887 35.44653448,139.6360664 35.4460781))",1184,735,736,35.44653448,139.6352189,35.4460781,139.6360664,92.41,5.0,5.0,0,0.0,0.0,0.0,0.0,0,0,0,0,0,0.0,0.0,0.0032,0.0,1.2,0.9,0.0,0.0
"MULTILINESTRING ((139.6360664 35.4460781,139.6370017 35.4455599))",1185,736,737,35.4460781,139.6360664,35.4455599,139.6370017,102.839,4.5,4.5,0,0.0,0.0,0.0,0.0,0,0,0,0,0,0.0,0.0,-0.0039,0.0,0.9,1.3,0.0,0.0
"MULTILINESTRING ((139.6370017 35.4455599,139.63806921 35.44497203))",1186,737,738,35.4455599,139.6370017,35.44497203,139.6380692,116.896,6.5,6.5,0,0.0,0.0,0.0,0.0,0,0,0,0,0,0.0,0.0,0.0034,0.0,1.3,0.9,0.0,0.0
"MULTILINESTRING ((139.6353657 35.4467721,139.63521887 35.44653448))",1187,107,735,35.446772100000004,139.6353657,35.44653448,139.6352189,29.590999999999998,6.0,18.0,1,28.0,21.7,12.0,2.0,2,0,0,0,0,0.0,0.8307692309999999,0.0,0.0,1.2,1.2,0.0,0.0
"MULTILINESTRING ((139.63521887 35.44653448,139.6350535 35.4462722))",1188,735,621,35.44653448,139.6352189,35.44627220000001,139.6350535,32.814,6.0,18.0,1,31.0,22.0,13.0,2.0,2,0,0,0,0,0.0,0.818181818,0.0,0.0,1.2,1.2,0.0,0.0
"MULTILINESTRING ((139.6362462 35.4462925,139.6360664 35.4460781))",1189,108,736,35.4462925,139.6362462,35.4460781,139.6360664,28.826,8.5,24.0,1,0.0,0.0,0.0,0.0,2,0,0,0,0,0.0,0.0,0.0035,0.0,1.0,0.9,0.0,0.0
"MULTILINESTRING ((139.6360664 35.4460781,139.6359477 35.4459258))",1190,736,649,35.4460781,139.6360664,35.4459258,139.6359477,20.069000000000003,8.5,24.0,1,0.0,0.0,0.0,0.0,2,0,0,0,0,0.0,0.0,-0.005,0.0,0.9,1.0,0.0,0.0
"MULTILINESTRING ((139.6371917 35.4457669,139.6370017 35.4455599))",1191,72,737,35.4457669,139.6371917,35.4455599,139.6370017,28.625,5.5,17.0,1,0.0,0.0,0.0,0.0,2,0,0,0,0,0.0,0.0,0.0035,0.0,1.4,1.3,0.0,0.0
"MULTILINESTRING ((139.6370017 35.4455599,139.6367893 35.4453217))",1192,737,652,35.4455599,139.6370017,35.4453217,139.6367893,32.688,5.5,17.0,1,0.0,0.0,0.0,0.0,2,0,0,0,0,0.0,0.0,0.0031,0.0,1.3,1.2,0.0,0.0
"MULTILINESTRING ((139.6382499 35.4451782,139.63806921 35.44497203))",1193,109,738,35.4451782,139.6382499,35.44497203,139.6380692,27.995,4.5,15.0,1,45.0,25.0,10.0,2.0,2,0,0,0,0,0.0,0.6,0.0,0.0,0.9,0.9,1.0,0.0
"MULTILINESTRING ((139.63806921 35.44497203,139.637865 35.4447201))",1194,738,654,35.44497203,139.6380692,35.4447201,139.63786499999998,33.769,5.0,16.0,1,45.0,39.0,33.0,2.0,2,0,0,0,0,0.0,0.41025641,0.0,0.0,0.9,0.9,1.0,0.0
"MULTILINESTRING ((139.6350275 35.4462183,139.6348605 35.4459879))",1195,37,739,35.4462183,139.63502749999998,35.4459879,139.6348605,29.646,10.5,37.0,2,76.0,43.8,31.0,2.0,2,0,0,0,0,0.0,0.845714286,0.0,0.0,1.2,1.2,0.0,0.0
"MULTILINESTRING ((139.6348605 35.4459879,139.634685 35.4457588))",1196,739,305,35.4459879,139.6348605,35.4457588,139.63468500000002,30.0,10.5,37.0,2,76.0,43.8,31.0,2.0,2,0,0,0,0,0.0,0.845714286,-0.0167,0.0,1.2,1.7,0.0,0.0
"MULTILINESTRING ((139.6357839 35.4457953,139.6356024 35.4455716))",1197,647,740,35.4457953,139.6357839,35.4455716,139.6356024,30.0,5.0,24.0,1,0.0,0.0,0.0,0.0,2,0,0,0,0,0.0,0.0,0.01,0.0,1.3,1.0,0.0,0.0
"MULTILINESTRING ((139.6356024 35.4455716,139.6354147 35.4453537))",1198,740,304,35.4455716,139.6356024,35.4453537,139.63541469999998,28.39,5.0,24.0,1,0.0,0.0,0.0,0.0,2,0,0,0,0,0.0,0.0,-0.0106,0.0,1.0,1.3,0.0,0.0
"MULTILINESTRING ((139.6348605 35.4459879,139.6356024 35.4455716))",1199,739,740,35.4459879,139.6348605,35.4455716,139.6356024,80.0,2.5,7.5,2,0.0,0.0,0.0,0.0,0,0,0,0,0,0.0,0.0,0.0025,0.0,1.2,1.0,0.0,0.0
"MULTILINESTRING ((139.6351511 35.4451014,139.6351717 35.4451211,139.6352069 35.4451548,139.6354147 35.4453537))",1200,304,1,35.4453537,139.63541469999998,35.4451014,139.6351511,36.841,5.0,24.0,1,34.0,16.7,7.0,2.0,2,0,0,0,0,0.0,1.44,-0.0054,0.0,1.3,1.5,0.0,0.0
"MULTILINESTRING ((139.6351511 35.4451014,139.6350952 35.4451518,139.6346356 35.4456024,139.6345646 35.4456508))",1201,281,1,35.44565080000001,139.6345646,35.4451014,139.6351511,81.084,4.0,4.0,1,37.0,19.3,9.9,2.0,0,0,0,0,0,0.0,0.20698577,-0.0025,0.0,1.3,1.5,0.0,0.0
"MULTILINESTRING ((139.6348471 35.4448707,139.6351004 35.4450629,139.6351403 35.4450932,139.6351511 35.4451014))",1202,89,1,35.44487070000001,139.6348471,35.4451014,139.6351511,37.635,5.0,24.0,1,0.0,0.0,0.0,0.0,0,0,1,0,0,0.0,0.0,0.0027,0.0,1.6,1.5,0.0,0.0
"MULTILINESTRING ((139.6370181 35.4473158,139.6371207 35.4472557,139.638059 35.4467315))",1203,13,2,35.4467315,139.638059,35.4473158,139.63701809999998,114.51,4.0,14.0,1,68.0,0.0,21.0,0.0,1,0,0,0,0,0.0,0.0,-0.0009,0.0,1.4,1.5,0.0,0.0
"MULTILINESTRING ((139.6373284 35.4477195,139.6372893 35.4476692,139.6370515 35.4473606,139.6370181 35.4473158))",1204,3,2,35.4477195,139.6373284,35.4473158,139.63701809999998,52.964,10.0,30.0,1,68.0,0.0,20.0,0.0,2,0,0,0,0,0.0,0.0,0.017,0.0,2.4,1.5,0.0,0.0
"MULTILINESTRING ((139.6360062 35.447893,139.6360595 35.4478625,139.6369262 35.4473701,139.6370181 35.4473158))",1205,12,2,35.447893,139.6360062,35.4473158,139.63701809999998,111.9,4.0,10.0,1,33.0,0.0,16.0,0.0,0,0,0,0,0,0.0,0.0,-0.0027,0.0,1.2,1.5,0.0,0.0
"MULTILINESTRING ((139.6373284 35.4477195,139.6372239 35.4477705,139.6362937 35.44826,139.6362381 35.4482943))",1206,67,3,35.44829429999999,139.6362381,35.4477195,139.6373284,117.666,7.5,19.0,1,31.0,0.0,26.5,0.0,2,0,0,0,0,0.0,0.0,-0.0025,0.0,2.1,2.4,0.0,0.0
"MULTILINESTRING ((139.6376326 35.4481189,139.6375959 35.4480698,139.6373681 35.4477723,139.6373284 35.4477195))",1207,126,3,35.448118900000004,139.6376326,35.4477195,139.6373284,52.266000000000005,9.0,23.5,1,31.0,0.0,19.0,0.0,2,0,0,0,0,0.0,0.0,0.0057,0.0,2.7,2.4,0.0,0.0
"MULTILINESTRING ((139.6383772 35.4471624,139.6374429 35.4476616,139.6373284 35.4477195))",1208,73,3,35.44716240000001,139.63837719999998,35.4477195,139.6373284,113.421,7.5,19.0,1,68.0,0.0,31.0,0.0,2,0,0,0,0,0.0,0.0,-0.0088,0.0,1.4,2.4,0.0,0.0
"MULTILINESTRING ((139.6383407 35.4490416,139.6383741 35.449128))",1209,26,4,35.4490416,139.6383407,35.449128,139.6383741,10.072000000000001,11.5,29.0,1,0.0,0.0,0.0,0.0,0,0,0,1,0,0.0,0.0,-0.0298,0.0,2.3,2.6,0.0,0.0
"MULTILINESTRING ((139.638609 35.4494474,139.6385742 35.4494,139.6384161 35.4491845,139.6383741 35.449128))",1210,92,4,35.4494474,139.638609,35.449128,139.6383741,41.402,5.5,15.0,1,0.0,0.0,0.0,0.0,0,0,0,0,0,0.0,0.0,-0.0024,0.0,2.5,2.6,0.0,0.0
"MULTILINESTRING ((139.6383741 35.449128,139.6385264 35.4490366,139.6390459 35.4487705,139.6393582 35.4486107,139.6394192 35.4485805))",1211,74,4,35.4485805,139.6394192,35.449128,139.6383741,112.595,5.0,25.5,0,0.0,0.0,0.0,0.0,0,0,0,0,0,0.0,0.0,-0.0009,0.0,2.5,2.6,0.0,0.0
"MULTILINESTRING ((139.6372833 35.4496789,139.6373896 35.4496167,139.6382712 35.4491829,139.6383741 35.449128))",1212,25,4,35.4496789,139.6372833,35.449128,139.6383741,116.292,4.5,25.5,1,0.0,0.0,0.0,0.0,0,0,0,0,0,0.0,0.0,-0.0026,0.0,2.3,2.6,0.0,0.0
"MULTILINESTRING ((139.6416053 35.4474589,139.6416571 35.4475308,139.6418629 35.4478035))",1219,83,7,35.4478035,139.6418629,35.4474589,139.6416053,44.865,5.0,22.5,1,0.0,0.0,0.0,0.0,2,0,0,0,0,0.0,0.0,-0.0089,0.0,3.0,3.4,0.0,0.0
"MULTILINESTRING ((139.6415573 35.4473987,139.6416053 35.4474589))",1220,77,7,35.4473987,139.64155730000002,35.4474589,139.6416053,7.982,4.5,22.5,1,0.0,0.0,0.0,0.0,0,0,0,1,0,0.0,0.0,0.0,0.0,3.4,3.4,0.0,0.0
"MULTILINESTRING ((139.6404997 35.4480275,139.6405642 35.4479979,139.6410853 35.4477284,139.6415173 35.4475048,139.6416053 35.4474589))",1221,116,7,35.4480275,139.6404997,35.4474589,139.6416053,118.446,5.0,25.5,1,0.0,0.0,0.0,0.0,0,0,0,0,0,0.0,0.0,-0.0034,0.0,3.0,3.4,0.0,0.0
"MULTILINESTRING ((139.6397238 35.4450464,139.6396645 35.4450747,139.6387073 35.4456063,139.6386639 35.4456488))",1227,112,9,35.445648799999994,139.63866389999998,35.44504640000001,139.6397238,117.315,5.0,15.5,1,0.0,0.0,0.0,0.0,2,0,0,0,0,0.0,0.0,0.0009,0.0,0.9,0.8,0.0,0.0
"MULTILINESTRING ((139.6395276 35.4447903,139.6397238 35.4450464))",1228,308,9,35.4447903,139.63952759999998,35.44504640000001,139.6397238,33.568000000000005,5.0,23.5,1,36.0,33.5,31.0,0.0,2,0,0,0,0,0.0,0.701492537,-0.006,0.0,0.6,0.8,0.0,0.0
"MULTILINESTRING ((139.6362381 35.4482943,139.6360062 35.447893))",1233,67,12,35.44829429999999,139.6362381,35.447893,139.6360062,49.32,6.0,18.0,1,32.0,30.0,28.0,2.0,2,0,0,0,0,0.0,0.6,0.0182,0.0,2.1,1.2,0.0,0.0
"MULTILINESTRING ((139.638059 35.4467315,139.6390516 35.4461739,139.6390996 35.4461509))",1235,113,13,35.4461509,139.6390996,35.4467315,139.638059,114.265,3.0,10.5,1,0.0,0.0,0.0,0.0,0,0,0,0,0,0.0,0.0,-0.0026,0.0,1.1,1.4,0.0,0.0
"MULTILINESTRING ((139.6382267 35.4469414,139.638059 35.4467315))",1236,292,13,35.4469414,139.6382267,35.4467315,139.638059,27.848000000000003,5.5,17.0,1,0.0,0.0,0.0,0.0,2,0,0,0,0,0.0,0.0,0.0251,0.0,2.1,1.4,0.0,0.0
"MULTILINESTRING ((139.635682 35.4473125,139.6355137 35.4470227))",1240,299,15,35.4470227,139.6355137,35.4473125,139.635682,35.649,6.0,18.0,1,39.0,16.3,4.0,2.0,2,0,0,0,0,0.0,1.107692308,0.0084,0.0,1.1,0.8,0.0,0.0
"MULTILINESTRING ((139.63662 35.4467904,139.6365135 35.4468489,139.636383 35.446916,139.6363383 35.4469197,139.6358939 35.4471714,139.6358581 35.4472142,139.6357312 35.4472789,139.635682 35.4473125))",1242,16,15,35.4467904,139.63662,35.4473125,139.635682,103.85,5.0,12.0,1,0.0,0.0,0.0,0.0,2,0,0,0,0,0.0,0.0,0.0019,0.0,1.0,0.8,0.0,0.0
"MULTILINESTRING ((139.6364282 35.4465236,139.6365674 35.4467229,139.63662 35.4467904))",1243,298,16,35.446523600000006,139.63642819999998,35.4467904,139.63662,34.387,8.5,24.0,1,0.0,0.0,0.0,0.0,2,0,0,0,0,0.0,0.0,0.0,0.0,1.0,1.0,0.0,0.0
"MULTILINESTRING ((139.6376047 35.4462247,139.636727 35.4467274,139.63662 35.4467904))",1244,17,16,35.4462247,139.63760469999997,35.4467904,139.63662,109.149,5.0,12.0,1,0.0,0.0,0.0,0.0,2,0,0,0,0,0.0,0.0,0.0,0.0,1.0,1.0,0.0,0.0
"MULTILINESTRING ((139.6376047 35.4462247,139.637392 35.445988))",1245,300,17,35.445988,139.637392,35.4462247,139.63760469999997,32.619,5.5,17.0,1,0.0,0.0,0.0,0.0,2,0,0,0,0,0.0,0.0,0.0092,0.0,1.3,1.0,0.0,0.0
"MULTILINESTRING ((139.6386639 35.4456488,139.6386077 35.4456693,139.6376047 35.4462247))",1246,112,17,35.445648799999994,139.63866389999998,35.4462247,139.63760469999997,115.43799999999999,5.0,12.0,1,0.0,0.0,0.0,0.0,2,0,0,0,0,0.0,0.0,-0.0009,0.0,0.9,1.0,0.0,0.0
"MULTILINESTRING ((139.6365155 35.4486898,139.6362381 35.4482943))",1247,67,18,35.44829429999999,139.6362381,35.4486898,139.6365155,50.65,6.0,18.0,1,38.0,27.0,17.0,2.0,2,0,0,0,0,0.0,0.666666667,-0.002,0.0,2.1,2.2,0.0,0.0
"MULTILINESTRING ((139.6365155 35.4486898,139.6365744 35.4486587,139.637096 35.4483899))",1248,657,18,35.448389899999995,139.63709599999999,35.4486898,139.6365155,62.266999999999996,4.0,13.0,1,0.0,0.0,0.0,0.0,0,0,0,0,0,0.0,0.0,0.0048,0.0,2.5,2.2,0.0,0.0
"MULTILINESTRING ((139.6368549 35.4491284,139.636813 35.4490757,139.6365155 35.4486898))",1249,120,18,35.4491284,139.6368549,35.4486898,139.6365155,57.653,6.0,18.0,1,36.0,29.0,17.0,2.0,2,0,0,0,0,0.0,0.620689655,-0.0017,0.0,2.1,2.2,0.0,0.0
"MULTILINESTRING ((139.635826 35.4458467,139.6359477 35.4459258))",1258,649,22,35.4459258,139.6359477,35.4458467,139.635826,14.103,8.5,24.0,1,0.0,0.0,0.0,0.0,2,0,0,1,0,0.0,0.0,-0.1276,0.0,1.0,2.8,0.0,0.0
"MULTILINESTRING ((139.635826 35.4458467,139.6359145 35.4457963))",1259,648,22,35.4457963,139.6359145,35.4458467,139.635826,9.782,6.0,33.0,1,0.0,0.0,0.0,0.0,2,0,0,1,0,0.0,0.0,-0.1533,0.0,1.3,2.8,0.0,0.0
"MULTILINESTRING ((139.6350535 35.4462722,139.6351633 35.4462152,139.6354684 35.4460564,139.6357124 35.4459133,139.635826 35.4458467))",1260,621,22,35.44627220000001,139.6350535,35.4458467,139.635826,84.50399999999999,6.0,33.0,1,0.0,0.0,0.0,0.0,2,0,0,0,0,0.0,0.0,-0.0189,0.0,1.2,2.8,0.0,0.0
"MULTILINESTRING ((139.6357839 35.4457953,139.635826 35.4458467))",1261,647,22,35.4457953,139.6357839,35.4458467,139.635826,6.871,5.0,24.0,1,0.0,0.0,0.0,0.0,2,0,0,1,0,0.0,0.0,-0.2183,0.0,1.3,2.8,0.0,0.0
"MULTILINESTRING ((139.6372833 35.4496789,139.6372259 35.449606))",1269,27,25,35.44960600000001,139.6372259,35.4496789,139.6372833,9.63,5.5,26.0,1,0.0,0.0,0.0,0.0,2,0,0,1,0,0.0,0.0,0.0,0.0,2.3,2.3,0.0,0.0
"MULTILINESTRING ((139.6375386 35.4499881,139.6373476 35.4497546,139.6372833 35.4496789))",1270,85,25,35.4499881,139.63753860000003,35.4496789,139.6372833,41.43600000000001,5.5,26.0,1,0.0,0.0,0.0,0.0,2,0,0,0,0,0.0,0.0,0.0024,0.0,2.4,2.3,0.0,0.0
"MULTILINESTRING ((139.6379704 35.448563,139.6380011 35.4486057,139.63828 35.4489704,139.6383407 35.4490416))",1272,121,26,35.448563,139.6379704,35.4490416,139.6383407,62.92,8.5,24.0,1,0.0,0.0,0.0,0.0,2,0,0,0,0,0.0,0.0,0.0032,0.0,2.5,2.3,0.0,0.0
"MULTILINESTRING ((139.6383407 35.4490416,139.6382092 35.4491131,139.6377905 35.4493185))",1273,659,26,35.4493185,139.6377905,35.4490416,139.6383407,58.593999999999994,7.38,25.83,1,0.0,0.0,0.0,0.0,1,0,0,0,0,0.0,0.0,0.0017,0.0,2.4,2.3,0.0,0.0
"MULTILINESTRING ((139.6393679 35.4485144,139.6393056 35.4485443,139.6388223 35.4487923,139.6384769 35.4489641,139.6383407 35.4490416))",1274,76,26,35.4485144,139.6393679,35.4490416,139.6383407,109.99700000000001,5.0,25.4,0,0.0,0.0,0.0,0.0,0,0,0,0,0,0.0,0.0,0.0018,0.0,2.5,2.3,0.0,0.0
"MULTILINESTRING ((139.6372259 35.449606,139.6371762 35.4495446,139.636918 35.4492084,139.6368919 35.4491753,139.6368549 35.4491284))",1276,120,27,35.4491284,139.6368549,35.44960600000001,139.6372259,62.848,6.0,18.0,1,31.0,19.7,13.0,2.0,2,0,0,0,0,0.0,0.915254237,-0.0032,0.0,2.1,2.3,0.0,0.0
"MULTILINESTRING ((139.6377905 35.4493185,139.6373396 35.4495518,139.6372259 35.449606))",1277,659,27,35.4493185,139.6377905,35.44960600000001,139.6372259,60.318999999999996,4.8,25.8,1,0.0,0.0,0.0,0.0,0,0,0,0,0,0.0,0.0,0.0017,0.0,2.4,2.3,0.0,0.0
"MULTILINESTRING ((139.6350535 35.4462722,139.6350275 35.4462183))",1307,621,37,35.44627220000001,139.6350535,35.4462183,139.63502749999998,6.44,6.0,15.0,1,0.0,0.0,0.0,0.0,2,0,0,0,0,0.0,0.0,0.0,0.0,1.2,1.2,0.0,0.0
"MULTILINESTRING ((139.6357839 35.4457953,139.6356684 35.4458599,139.6351246 35.446164,139.6350275 35.4462183))",1308,647,37,35.4457953,139.6357839,35.4462183,139.63502749999998,83.11,6.0,33.0,1,0.0,0.0,0.0,0.0,2,0,0,0,0,0.0,0.0,0.0012,0.0,1.3,1.2,0.0,0.0
"MULTILINESTRING ((139.6400763 35.4454783,139.6401422 35.4455734))",1321,69,41,35.4455734,139.64014219999999,35.4454783,139.6400763,12.142999999999999,4.5,22.5,1,38.0,22.7,30.0,2.0,2,0,0,0,0,0.0,0.992647059,0.0165,0.0,0.9,0.7,0.0,0.0
"MULTILINESTRING ((139.6408424 35.4464846,139.6408839 35.4465347,139.6411739 35.446914))",1340,124,51,35.446914,139.6411739,35.446484600000005,139.64084240000003,56.409,4.5,22.5,1,54.0,40.5,27.0,2.0,2,0,0,0,0,0.0,0.5555555560000001,0.0071,0.0,3.2,2.8,0.0,0.0
"MULTILINESTRING ((139.6405095 35.4460537,139.6407984 35.4464297,139.6408424 35.4464846))",1341,68,51,35.4460537,139.6405095,35.446484600000005,139.64084240000003,56.61600000000001,5.0,22.5,1,31.0,16.3,6.0,2.0,2,0,0,0,0,0.0,1.37755102,-0.0194,0.0,1.7,2.8,0.0,0.0
"MULTILINESTRING ((139.6397765 35.4470209,139.6398282 35.4469952,139.6407847 35.4465113,139.6408424 35.4464846))",1342,128,51,35.4470209,139.63977649999998,35.446484600000005,139.64084240000003,113.49,4.0,13.0,1,0.0,0.0,0.0,0.0,2,0,0,0,0,0.0,0.0,0.0026,0.0,3.1,2.8,0.0,0.0
"MULTILINESTRING ((139.6405095 35.4460537,139.6404518 35.4460856,139.6395214 35.4465664,139.6394676 35.4465945))",1390,114,68,35.44659450000001,139.6394676,35.4460537,139.6405095,111.914,7.5,19.0,1,0.0,0.0,0.0,0.0,2,0,0,0,0,0.0,0.0,0.0045,0.0,2.2,1.7,0.0,0.0
"MULTILINESTRING ((139.6403138 35.4458063,139.6405095 35.4460537))",1391,293,68,35.445806299999994,139.6403138,35.4460537,139.6405095,32.727,4.5,22.5,1,9.0,7.5,6.0,2.0,2,0,0,0,0,0.0,3.0,-0.0153,0.0,1.2,1.7,0.0,0.0
"MULTILINESTRING ((139.6401422 35.4455734,139.6401704 35.4456148,139.6403138 35.4458063))",1392,293,69,35.445806299999994,139.6403138,35.4455734,139.64014219999999,30.208000000000002,4.5,22.5,1,30.0,22.3,13.0,2.0,2,0,0,0,0,0.0,1.011235955,0.0099,0.0,1.2,0.9,0.0,0.0
"MULTILINESTRING ((139.6390996 35.4461509,139.6391485 35.4461294,139.6400793 35.4456082,139.6401422 35.4455734))",1393,113,69,35.4461509,139.6390996,35.4455734,139.64014219999999,114.23700000000001,2.0,9.5,1,38.0,19.8,10.0,2.0,0,0,0,0,0,0.0,0.481012658,0.0018,0.0,1.1,0.9,0.0,0.0
"MULTILINESTRING ((139.6361269 35.4446182,139.6359771 35.4444558,139.6359325 35.444408))",1394,725,70,35.4446182,139.63612690000002,35.44440800000001,139.6359325,29.265,5.5,17.0,1,63.0,29.0,7.0,2.0,2,0,0,0,0,0.0,0.5862068970000001,-0.0205,0.0,1.4,2.0,0.0,0.0
"MULTILINESTRING ((139.636701 35.4438147,139.6365835 35.4438921,139.6365323 35.4439258,139.6363993 35.4440191,139.6361881 35.4441806,139.6360562 35.4442935,139.6359325 35.444408))",1395,138,70,35.443814700000004,139.636701,35.44440800000001,139.6359325,96.08200000000001,5.0,15.5,1,42.0,23.7,7.0,2.0,0,0,0,0,0,0.0,0.654929577,-0.0125,0.0,0.8,2.0,0.0,0.0
"MULTILINESTRING ((139.6352138 35.4450583,139.6352614 35.4450159,139.6355384 35.4447707,139.6358732 35.44447,139.6358944 35.4444509,139.6359325 35.444408))",1396,642,70,35.4450583,139.6352138,35.44440800000001,139.6359325,97.336,5.0,17.0,1,63.0,32.5,7.0,2.0,0,0,0,0,0,0.0,0.523076923,-0.0062,0.0,1.4,2.0,0.0,0.0
"MULTILINESTRING ((139.6365325 35.4450461,139.6366861 35.4452118,139.6367375 35.4452682))",1397,306,71,35.4450461,139.6365325,35.4452682,139.6367375,30.9,3.5,13.0,1,30.0,30.0,30.0,2.0,2,0,0,0,0,0.0,0.433333333,-0.0097,0.0,0.9,1.2,0.0,0.0
"MULTILINESTRING ((139.6367375 35.4452682,139.6359994 35.4456693,139.635873 35.4457381))",1398,645,71,35.4457381,139.635873,35.4452682,139.6367375,94.14399999999999,6.0,33.0,1,31.0,30.0,29.0,2.0,2,0,0,0,0,0.0,1.1,-0.0011,0.0,1.1,1.2,0.0,0.0
"MULTILINESTRING ((139.6375769 35.4448046,139.6367375 35.4452682))",1399,310,71,35.444804600000005,139.63757690000003,35.4452682,139.6367375,91.866,6.0,33.0,1,30.0,30.0,30.0,2.0,2,0,0,0,0,0.0,1.1,-0.0044,0.0,0.8,1.2,0.0,1.0
"MULTILINESTRING ((139.6367893 35.4453217,139.6367375 35.4452682))",1400,652,71,35.4453217,139.6367893,35.4452682,139.6367375,7.577000000000001,3.5,13.0,1,0.0,0.0,0.0,0.0,2,0,0,1,0,0.0,0.0,0.0,0.0,1.2,1.2,0.0,0.0
"MULTILINESTRING ((139.6371917 35.4457669,139.6382104 35.4452017,139.6382499 35.4451782))",1401,109,72,35.4451782,139.6382499,35.4457669,139.6371917,116.08,3.5,12.0,1,31.0,25.0,5.0,2.0,0,0,0,0,0,0.0,0.48,-0.0043,0.0,0.9,1.4,0.0,0.0
"MULTILINESTRING ((139.6362462 35.4462925,139.6363543 35.4462304,139.6371917 35.4457669))",1402,108,72,35.4462925,139.6362462,35.4457669,139.6371917,103.691,3.5,12.0,1,31.0,25.0,10.0,2.0,0,0,0,0,0,0.0,0.48,-0.0039,0.0,1.0,1.4,0.0,0.0
"MULTILINESTRING ((139.637392 35.445988,139.6371917 35.4457669))",1403,300,72,35.445988,139.637392,35.4457669,139.6371917,30.555999999999997,4.0,12.5,1,0.0,0.0,0.0,0.0,2,0,0,0,0,0.0,0.0,-0.0033,0.0,1.3,1.4,0.0,0.0
"MULTILINESTRING ((139.6383772 35.4471624,139.6383475 35.4471104,139.6382267 35.4469414))",1404,292,73,35.4469414,139.6382267,35.44716240000001,139.63837719999998,28.123,5.5,17.0,1,0.0,0.0,0.0,0.0,2,0,0,0,0,0.0,0.0,0.0249,0.0,2.1,1.4,0.0,0.0
"MULTILINESTRING ((139.6394676 35.4465945,139.6394139 35.4466232,139.6383772 35.4471624))",1405,114,73,35.44659450000001,139.6394676,35.44716240000001,139.63837719999998,117.235,7.5,19.0,1,0.0,0.0,0.0,0.0,2,0,0,0,0,0.0,0.0,0.0068,0.0,2.2,1.4,0.0,0.0
"MULTILINESTRING ((139.638683 35.4475826,139.6385531 35.4474108,139.6384074 35.4472148,139.6383772 35.4471624))",1406,127,73,35.4475826,139.63868300000001,35.44716240000001,139.63837719999998,54.353,5.5,17.0,1,0.0,0.0,0.0,0.0,2,0,0,0,0,0.0,0.0,0.0221,0.0,2.6,1.4,0.0,0.0
"MULTILINESTRING ((139.6394192 35.4485805,139.6393679 35.4485144))",1407,76,74,35.4485144,139.6393679,35.4485805,139.6394192,8.696,5.5,17.0,1,0.0,0.0,0.0,0.0,2,0,0,1,0,0.0,0.0,0.0,0.0,2.5,2.5,0.0,0.0
"MULTILINESTRING ((139.6394192 35.4485805,139.639491 35.4485462,139.6404328 35.4480601,139.6404997 35.4480275))",1408,116,74,35.4480275,139.6404997,35.4485805,139.6394192,115.596,5.0,25.4,0,0.0,0.0,0.0,0.0,0,0,0,0,0,0.0,0.0,0.0043,0.0,3.0,2.5,0.0,0.0
"MULTILINESTRING ((139.6396606 35.4489136,139.6394564 35.4486307,139.6394192 35.4485805))",1409,84,74,35.4489136,139.63966059999998,35.4485805,139.6394192,43.012,5.5,17.0,1,0.0,0.0,0.0,0.0,2,0,0,0,0,0.0,0.0,0.0046,0.0,2.7,2.5,0.0,0.0
"MULTILINESTRING ((139.6393679 35.4485144,139.6393291 35.4484627,139.639056 35.4480887,139.6390274 35.4480331))",1413,122,76,35.44803310000001,139.6390274,35.4485144,139.6393679,61.83,5.5,17.0,1,0.0,0.0,0.0,0.0,2,0,0,0,0,0.0,0.0,0.0065,0.0,2.9,2.5,0.0,0.0
"MULTILINESTRING ((139.6404587 35.4479659,139.6403902 35.4480014,139.6402509 35.4480724,139.6394399 35.4484783,139.6393679 35.4485144))",1414,115,76,35.4479659,139.64045869999998,35.4485144,139.6393679,116.118,5.0,25.4,0,0.0,0.0,0.0,0.0,0,0,0,0,0,0.0,0.0,0.0043,0.0,3.0,2.5,0.0,0.0
"MULTILINESTRING ((139.6415573 35.4473987,139.6414714 35.4474479,139.6405173 35.4479366,139.6404587 35.4479659))",1415,115,77,35.4479659,139.64045869999998,35.4473987,139.64155730000002,117.831,5.0,25.4,0,0.0,0.0,0.0,0.0,0,0,0,0,0,0.0,0.0,-0.0034,0.0,3.0,3.4,0.0,0.0
"MULTILINESTRING ((139.6411739 35.446914,139.6415028 35.4473307,139.6415573 35.4473987))",1417,124,77,35.446914,139.6411739,35.4473987,139.64155730000002,64.117,4.5,22.5,1,29.0,21.7,17.0,2.0,2,0,0,0,0,0.0,1.038461538,-0.0031,0.0,3.2,3.4,0.0,0.0
"MULTILINESTRING ((139.6400379 35.4494167,139.6396606 35.4489136))",1424,84,81,35.4489136,139.63966059999998,35.4494167,139.64003789999998,65.556,5.5,17.0,1,0.0,0.0,0.0,0.0,2,0,0,0,0,0.0,0.0,-0.0122,0.0,2.7,3.5,0.0,0.0
"MULTILINESTRING ((139.6400379 35.4494167,139.6390322 35.4499024,139.6389804 35.4499275))",1425,93,81,35.4499275,139.6389804,35.4494167,139.64003789999998,111.36399999999999,2.5,11.0,1,0.0,0.0,0.0,0.0,1,0,0,0,0,0.0,0.0,-0.0072,0.0,2.7,3.5,0.0,0.0
"MULTILINESTRING ((139.6411288 35.4488948,139.6410759 35.448921,139.6400379 35.4494167))",1426,243,81,35.4488948,139.64112880000002,35.4494167,139.64003789999998,114.598,2.5,11.0,1,0.0,0.0,0.0,0.0,1,0,0,0,0,0.0,0.0,-0.006999999999999999,0.0,2.7,3.5,0.0,0.0
"MULTILINESTRING ((139.6418629 35.4478035,139.6420303 35.448011,139.6422735 35.4483421))",1430,242,83,35.448342100000005,139.64227350000002,35.4478035,139.6418629,70.514,5.0,22.5,1,0.0,0.0,0.0,0.0,0,0,0,0,0,0.0,0.0,-0.0028,0.0,2.8,3.0,0.0,0.0
"MULTILINESTRING ((139.6407474 35.4483686,139.6408061 35.4483398,139.6417988 35.4478362,139.6418629 35.4478035))",1431,118,83,35.4483686,139.6407474,35.4478035,139.6418629,118.991,3.5,15.0,1,0.0,0.0,0.0,0.0,1,0,0,0,0,0.0,0.0,0.0008,0.0,3.1,3.0,0.0,0.0
"MULTILINESTRING ((139.6396606 35.4489136,139.64069 35.4483949,139.6407474 35.4483686))",1432,118,84,35.4483686,139.6407474,35.4489136,139.63966059999998,115.60799999999999,3.5,15.0,1,0.0,0.0,0.0,0.0,0,0,0,0,0,0.0,0.0,0.0035,0.0,3.1,2.7,0.0,0.0
"MULTILINESTRING ((139.638609 35.4494474,139.6386623 35.4494188,139.6396606 35.4489136))",1433,92,84,35.4494474,139.638609,35.4489136,139.63966059999998,112.238,3.5,15.0,1,0.0,0.0,0.0,0.0,0,0,0,0,0,0.0,0.0,-0.0018,0.0,2.5,2.7,0.0,0.0
"MULTILINESTRING ((139.6375386 35.4499881,139.6376153 35.449952,139.6385524 35.4494762,139.638609 35.4494474))",1434,92,85,35.4494474,139.638609,35.4499881,139.63753860000003,114.092,3.5,15.0,1,0.0,0.0,0.0,0.0,0,0,0,0,0,0.0,0.0,0.0009,0.0,2.5,2.4,0.0,0.0
"MULTILINESTRING ((139.6377259 35.4502085,139.6375386 35.4499881))",1435,289,85,35.4502085,139.63772590000002,35.4499881,139.63753860000003,29.807,5.5,26.0,1,0.0,0.0,0.0,0.0,2,0,0,0,0,0.0,0.0,0.0,0.0,2.4,2.4,0.0,0.0
"MULTILINESTRING ((139.6379083 35.4504405,139.6377777 35.4502725,139.6377259 35.4502085))",1438,289,87,35.4502085,139.63772590000002,35.450440500000006,139.63790830000002,30.636,5.5,26.0,1,0.0,0.0,0.0,0.0,2,0,0,0,0,0.0,0.0,0.0,0.0,2.4,2.4,0.0,0.0
"MULTILINESTRING ((139.6389804 35.4499275,139.6389222 35.4499558,139.6379756 35.4504086,139.6379083 35.4504405))",1439,93,87,35.4499275,139.6389804,35.450440500000006,139.63790830000002,112.62700000000001,2.5,11.0,1,0.0,0.0,0.0,0.0,1,0,0,0,0,0.0,0.0,0.0027,0.0,2.7,2.4,0.0,0.0
"MULTILINESTRING ((139.6345646 35.4456508,139.6343101 35.4454876))",1440,281,88,35.44565080000001,139.6345646,35.4454876,139.6343101,29.34,7.0,20.0,1,0.0,0.0,0.0,0.0,0,0,1,0,0,0.0,0.0,-0.017,0.0,1.3,1.8,0.0,0.0
"MULTILINESTRING ((139.6343101 35.4454876,139.6343612 35.4454289,139.6347819 35.4449459,139.6348471 35.4448707))",1442,89,88,35.44487070000001,139.6348471,35.4454876,139.6343101,84.09399999999998,7.0,20.0,1,0.0,0.0,0.0,0.0,2,0,0,0,0,0.0,0.0,-0.0024,0.0,1.6,1.8,0.0,0.0
"MULTILINESTRING ((139.6348471 35.4448707,139.634903 35.4448064))",1444,640,89,35.444806400000004,139.634903,35.44487070000001,139.6348471,8.761000000000001,7.0,20.0,1,0.0,0.0,0.0,0.0,2,0,0,1,0,0.0,0.0,0.0,0.0,1.6,1.6,0.0,0.0
"MULTILINESTRING ((139.6377081 35.4425527,139.6380263 35.4429528,139.6381336 35.4430769))",1446,694,90,35.443076899999994,139.6381336,35.4425527,139.6377081,69.89,5.5,20.0,1,0.0,0.0,0.0,0.0,0,0,1,0,0,0.0,0.0,-0.0029,0.0,1.4,1.6,0.0,0.0
"MULTILINESTRING ((139.6362719 35.4436128,139.6364432 35.4434993,139.6366432 35.4433648,139.6370972 35.4430649,139.6371672 35.4430199,139.6373883 35.4428484,139.637568 35.4426783,139.6376246 35.4426237,139.6377081 35.4425527))",1447,139,90,35.4436128,139.6362719,35.4425527,139.6377081,176.013,6.5,20.0,1,9.0,9.0,9.0,1.0,2,0,0,0,0,0.0,2.222222222,0.0028,0.0,2.1,1.6,0.0,0.0
"MULTILINESTRING ((139.6387789 35.4496671,139.6386402 35.4494877,139.638609 35.4494474))",1450,290,92,35.449667100000006,139.6387789,35.4494474,139.638609,28.873,5.5,15.0,1,0.0,0.0,0.0,0.0,1,0,0,0,0,0.0,0.0,0.0069,0.0,2.7,2.5,0.0,0.0
"MULTILINESTRING ((139.6387789 35.4496671,139.6389457 35.4498827,139.6389804 35.4499275))",1452,290,93,35.449667100000006,139.6387789,35.4499275,139.6389804,34.228,5.5,15.0,1,0.0,0.0,0.0,0.0,1,0,0,0,0,0.0,0.0,0.0,0.0,2.7,2.7,0.0,0.0
"MULTILINESTRING ((139.6353657 35.4467721,139.635426 35.4467424,139.6361448 35.4463484,139.6362462 35.4462925))",1481,108,107,35.4462925,139.6362462,35.446772100000004,139.6353657,95.954,3.5,12.0,1,28.0,28.0,28.0,2.0,0,0,0,0,0,0.0,0.428571429,-0.0021,0.0,1.0,1.2,0.0,0.0
"MULTILINESTRING ((139.6355137 35.4470227,139.6353657 35.4467721))",1482,299,107,35.4470227,139.6355137,35.446772100000004,139.6353657,30.923000000000002,6.0,18.0,1,28.0,24.0,20.0,2.0,2,0,0,0,0,0.0,0.75,-0.0032,0.0,1.1,1.2,0.0,0.0
"MULTILINESTRING ((139.6364282 35.4465236,139.6362788 35.4463345,139.6362462 35.4462925))",1484,298,108,35.446523600000006,139.63642819999998,35.4462925,139.6362462,30.531999999999996,8.5,24.0,1,0.0,0.0,0.0,0.0,2,0,0,0,0,0.0,0.0,0.0,0.0,1.0,1.0,0.0,0.0
"MULTILINESTRING ((139.6382499 35.4451782,139.6384459 35.4454013))",1485,307,109,35.4454013,139.6384459,35.4451782,139.6382499,30.506999999999998,4.5,15.0,1,25.0,18.0,13.0,2.0,2,0,0,0,0,0.0,0.833333333,0.0033,0.0,1.0,0.9,1.0,0.0
"MULTILINESTRING ((139.6382499 35.4451782,139.638301 35.4451489,139.6392859 35.444601,139.6393434 35.4445699))",1486,110,109,35.4445699,139.6393434,35.4451782,139.6382499,119.95,3.5,12.0,1,0.0,0.0,0.0,0.0,0,0,0,0,0,0.0,0.0,-0.0025,0.0,0.6,0.9,0.0,0.0
"MULTILINESTRING ((139.6393434 35.4445699,139.6395276 35.4447903))",1487,308,110,35.4447903,139.63952759999998,35.4445699,139.6393434,29.649,4.5,22.5,1,31.0,31.0,31.0,1.0,2,0,0,0,0,0.0,0.725806452,0.0,0.0,0.6,0.6,0.0,0.0
"MULTILINESTRING ((139.6389566 35.4441017,139.6390144 35.4441715,139.6393434 35.4445699))",1488,653,110,35.444101700000004,139.6389566,35.4445699,139.6393434,62.754,4.5,22.5,1,30.0,30.0,30.0,1.0,2,0,0,0,0,0.0,0.75,0.0048,0.0,0.9,0.6,0.0,0.0
"MULTILINESTRING ((139.637826 35.4446659,139.637865 35.4447201))",1489,654,111,35.4447201,139.63786499999998,35.4446659,139.637826,6.986000000000001,4.5,15.0,1,0.0,0.0,0.0,0.0,2,0,0,1,0,0.0,0.0,0.0143,0.0,0.9,0.8,0.0,0.0
"MULTILINESTRING ((139.637826 35.4446659,139.6377624 35.4447035,139.6375769 35.4448046))",1490,310,111,35.444804600000005,139.63757690000003,35.4446659,139.637826,27.337,6.0,33.0,1,30.0,30.0,30.0,2.0,2,0,0,0,0,0.0,1.1,0.0,0.0,0.8,0.8,0.0,1.0
"MULTILINESTRING ((139.6389112 35.4440478,139.6387943 35.4441156,139.6378754 35.4446372,139.637826 35.4446659))",1491,707,111,35.44404779999999,139.6389112,35.4446659,139.637826,119.95,6.0,33.0,1,45.0,31.0,17.0,2.0,2,0,0,0,0,0.0,1.064516129,0.0008,0.0,0.9,0.8,0.0,0.0
"MULTILINESTRING ((139.6384459 35.4454013,139.6386639 35.4456488))",1492,307,112,35.4454013,139.6384459,35.445648799999994,139.63866389999998,33.873000000000005,4.5,15.0,1,29.0,28.5,27.0,2.0,2,0,0,0,0,0.0,0.526315789,0.003,0.0,1.0,0.9,1.0,0.0
"MULTILINESTRING ((139.6390996 35.4461509,139.6392828 35.4463603))",1493,291,113,35.446360299999995,139.63928280000002,35.4461509,139.6390996,28.593000000000004,4.5,15.0,1,0.0,0.0,0.0,0.0,2,0,0,0,0,0.0,0.0,0.0245,0.0,1.8,1.1,0.0,0.0
"MULTILINESTRING ((139.6394676 35.4465945,139.6395044 35.4466487,139.6397765 35.4470209))",1494,128,114,35.4470209,139.63977649999998,35.44659450000001,139.6394676,55.058,4.5,15.0,1,0.0,0.0,0.0,0.0,1,0,0,0,0,0.0,0.0,0.0163,0.0,3.1,2.2,0.0,0.0
"MULTILINESTRING ((139.6392828 35.4463603,139.6394288 35.4465375,139.6394676 35.4465945))",1495,291,114,35.446360299999995,139.63928280000002,35.44659450000001,139.6394676,30.978,4.5,15.0,1,0.0,0.0,0.0,0.0,2,0,0,0,0,0.0,0.0,-0.0129,0.0,1.8,2.2,0.0,0.0
"MULTILINESTRING ((139.6404587 35.4479659,139.6404997 35.4480275))",1496,116,115,35.4480275,139.6404997,35.4479659,139.64045869999998,7.792000000000001,4.5,15.0,1,0.0,0.0,0.0,0.0,1,0,0,1,0,0.0,0.0,0.0,0.0,3.0,3.0,0.0,0.0
"MULTILINESTRING ((139.6401142 35.4474854,139.6401437 35.4475291,139.640321 35.447757,139.6404179 35.4479046,139.6404587 35.4479659))",1497,123,115,35.4474854,139.64011420000003,35.4479659,139.64045869999998,61.913999999999994,4.5,15.0,1,0.0,0.0,0.0,0.0,1,0,0,0,0,0.0,0.0,0.0048,0.0,3.3,3.0,0.0,0.0
"MULTILINESTRING ((139.6404997 35.4480275,139.6405413 35.4480899,139.6407474 35.4483686))",1498,118,116,35.4483686,139.6407474,35.4480275,139.6404997,44.075,4.5,15.0,1,0.0,0.0,0.0,0.0,1,0,0,0,0,0.0,0.0,0.0023,0.0,3.1,3.0,0.0,0.0
"MULTILINESTRING ((139.6407474 35.4483686,139.6408673 35.4485333,139.6410959 35.4488473,139.6411288 35.4488948))",1500,243,118,35.4488948,139.64112880000002,35.4483686,139.6407474,67.95100000000001,4.5,15.0,1,0.0,0.0,0.0,0.0,1,0,0,0,0,0.0,0.0,-0.0059,0.0,2.7,3.1,0.0,0.0
"MULTILINESTRING ((139.6374322 35.4488343,139.6369543 35.4490781,139.6369072 35.449102,139.6368549 35.4491284))",1504,658,120,35.4488343,139.6374322,35.4491284,139.6368549,61.677,4.5,14.5,1,0.0,0.0,0.0,0.0,0,0,0,0,0,0.0,0.0,0.0049,0.0,2.4,2.1,0.0,0.0
"MULTILINESTRING ((139.6379704 35.448563,139.6378717 35.4486139,139.6374322 35.4488343))",1505,658,121,35.4488343,139.6374322,35.448563,139.6379704,57.331,4.5,14.5,1,0.0,0.0,0.0,0.0,0,0,0,0,0,0.0,0.0,-0.0017,0.0,2.4,2.5,0.0,0.0
"MULTILINESTRING ((139.6376326 35.4481189,139.6376645 35.4481615,139.6379382 35.4485212,139.6379704 35.448563))",1506,126,121,35.448118900000004,139.6376326,35.448563,139.6379704,58.093999999999994,8.5,24.0,1,0.0,0.0,0.0,0.0,2,0,0,0,0,0.0,0.0,0.0034,0.0,2.7,2.5,0.0,0.0
"MULTILINESTRING ((139.6390274 35.4480331,139.6389609 35.4480712,139.6380807 35.4485075,139.6379704 35.448563))",1507,122,121,35.44803310000001,139.6390274,35.448563,139.6379704,112.44,3.5,11.5,1,0.0,0.0,0.0,0.0,0,0,0,0,0,0.0,0.0,0.0036,0.0,2.9,2.5,0.0,0.0
"MULTILINESTRING ((139.6390274 35.4480331,139.638683 35.4475826))",1508,127,122,35.4475826,139.63868300000001,35.44803310000001,139.6390274,59.013999999999996,5.5,17.0,1,0.0,0.0,0.0,0.0,2,0,0,0,0,0.0,0.0,-0.0051,0.0,2.6,2.9,0.0,0.0
"MULTILINESTRING ((139.6401142 35.4474854,139.640067 35.4475131,139.6390831 35.4480017,139.6390274 35.4480331))",1509,123,122,35.4474854,139.64011420000003,35.44803310000001,139.6390274,115.786,3.5,11.5,1,0.0,0.0,0.0,0.0,0,0,0,0,0,0.0,0.0,0.0035,0.0,3.3,2.9,0.0,0.0
"MULTILINESTRING ((139.6411739 35.446914,139.6411158 35.4469426,139.6401576 35.4474582,139.6401142 35.4474854))",1510,124,123,35.446914,139.6411739,35.4474854,139.64011420000003,115.133,3.5,11.5,1,0.0,0.0,0.0,0.0,0,0,0,0,0,0.0,0.0,-0.0009,0.0,3.2,3.3,0.0,0.0
"MULTILINESTRING ((139.6397765 35.4470209,139.6400852 35.4474404,139.6401142 35.4474854))",1511,128,123,35.4470209,139.63977649999998,35.4474854,139.64011420000003,60.037,4.5,15.0,1,0.0,0.0,0.0,0.0,1,0,0,0,0,0.0,0.0,-0.0033,0.0,3.1,3.3,0.0,0.0
"MULTILINESTRING ((139.6376326 35.4481189,139.6377447 35.4480614,139.6379118 35.4479762,139.638683 35.4475826))",1513,127,126,35.4475826,139.63868300000001,35.448118900000004,139.6376326,112.29299999999999,4.0,13.0,1,0.0,0.0,0.0,0.0,1,0,0,0,0,0.0,0.0,-0.0009,0.0,2.6,2.7,0.0,0.0
"MULTILINESTRING ((139.637096 35.4483899,139.6375246 35.448174,139.6376326 35.4481189))",1514,657,126,35.448389899999995,139.63709599999999,35.448118900000004,139.6376326,57.19,4.0,13.0,1,0.0,0.0,0.0,0.0,1,0,0,0,0,0.0,0.0,-0.0035,0.0,2.5,2.7,0.0,0.0
"MULTILINESTRING ((139.638683 35.4475826,139.6397249 35.447047,139.6397765 35.4470209))",1515,128,127,35.4470209,139.63977649999998,35.4475826,139.63868300000001,117.102,4.0,13.0,1,0.0,0.0,0.0,0.0,2,0,0,0,0,0.0,0.0,0.0043,0.0,3.1,2.6,0.0,0.0
"MULTILINESTRING ((139.6362719 35.4436128,139.6363432 35.443645,139.6365283 35.4437211,139.6366247 35.4437734,139.636701 35.4438147))",1546,139,138,35.4436128,139.6362719,35.443814700000004,139.636701,44.957,5.0,23.0,1,0.0,0.0,0.0,0.0,0,0,1,0,0,0.0,0.0,0.0289,0.0,2.1,0.8,0.0,0.0
"MULTILINESTRING ((139.6369853 35.4441293,139.6368685 35.4439907,139.6368172 35.4439339,139.6367386 35.443849,139.636701 35.4438147))",1547,724,138,35.44412929999999,139.63698530000002,35.443814700000004,139.636701,43.474,6.5,17.0,1,42.0,42.0,42.0,1.0,2,0,0,0,0,0.0,0.404761905,0.0046,0.0,1.0,0.8,0.0,0.0
"MULTILINESTRING ((139.634903 35.4448064,139.6349483 35.4447533,139.6350482 35.4446393,139.6354072 35.4442899,139.6357989 35.4439631,139.6361886 35.4436684,139.6362719 35.4436128))",1548,640,139,35.444806400000004,139.634903,35.4436128,139.6362719,182.142,7.0,20.0,1,4.0,4.0,4.0,1.0,2,0,0,0,0,0.0,5.0,-0.0027,0.0,1.6,2.1,0.0,0.0
"MULTILINESTRING ((139.6422735 35.4483421,139.6422131 35.4483701,139.6411842 35.4488678,139.6411288 35.4488948))",1782,243,242,35.4488948,139.64112880000002,35.448342100000005,139.64227350000002,120.537,2.5,11.0,1,0.0,0.0,0.0,0.0,1,0,0,0,0,0.0,0.0,-0.0008,0.0,2.7,2.8,0.0,0.0
"MULTILINESTRING ((139.634685 35.4457588,139.6346396 35.44571,139.6346143 35.4456828,139.6345646 35.4456508))",1839,305,281,35.4457588,139.63468500000002,35.44565080000001,139.6345646,16.343,10.5,37.0,1,76.0,43.8,31.0,2.0,2,0,0,0,0,0.0,0.845714286,0.0245,0.0,1.7,1.3,0.0,0.0
"MULTILINESTRING ((139.6387789 35.4496671,139.6387357 35.4496893,139.6377803 35.4501792,139.6377259 35.4502085))",1850,290,289,35.449667100000006,139.6387789,35.4502085,139.63772590000002,112.79299999999999,5.0,5.0,0,0.0,0.0,0.0,0.0,0,0,0,0,0,0.0,0.0,0.0027,0.0,2.7,2.4,0.0,0.0
"MULTILINESTRING ((139.6403138 35.4458063,139.6402583 35.445823,139.6393267 35.4463371,139.6392828 35.4463603))",1851,293,291,35.445806299999994,139.6403138,35.446360299999995,139.63928280000002,112.029,4.0,4.0,0,0.0,0.0,0.0,0.0,0,0,0,0,0,0.0,0.0,-0.0054,0.0,1.2,1.8,0.0,0.0
"MULTILINESTRING ((139.6382267 35.4469414,139.6392346 35.4463834,139.6392828 35.4463603))",1852,292,291,35.4469414,139.6382267,35.446360299999995,139.63928280000002,115.455,4.0,4.0,0,0.0,0.0,0.0,0.0,0,0,0,0,0,0.0,0.0,0.0026,0.0,2.1,1.8,0.0,0.0
"MULTILINESTRING ((139.637392 35.445988,139.6365183 35.4464723,139.6364282 35.4465236))",1859,300,298,35.445988,139.637392,35.446523600000006,139.63642819999998,105.68700000000001,5.0,5.0,0,0.0,0.0,0.0,0.0,0,0,0,0,0,0.0,0.0,0.0028,0.0,1.3,1.0,0.0,0.0
"MULTILINESTRING ((139.6355137 35.4470227,139.6355658 35.4470029,139.6363314 35.4465797,139.6364282 35.4465236))",1860,299,298,35.4470227,139.6355137,35.446523600000006,139.63642819999998,99.779,5.0,5.0,0,0.0,0.0,0.0,0.0,0,0,0,0,0,0.0,0.0,0.001,0.0,1.1,1.0,0.0,0.0
"MULTILINESTRING ((139.6384459 35.4454013,139.6383987 35.445427,139.637392 35.445988))",1862,307,300,35.4454013,139.6384459,35.445988,139.637392,115.631,5.0,5.0,0,0.0,0.0,0.0,0.0,0,0,0,0,0,0.0,0.0,-0.0026,0.0,1.0,1.3,0.0,0.0
"MULTILINESTRING ((139.6365325 35.4450461,139.636329 35.4448359))",1864,306,303,35.4450461,139.6365325,35.4448359,139.63632900000002,29.768,3.5,13.0,1,19.0,15.0,10.0,2.0,2,0,0,0,0,0.0,0.8666666670000001,-0.0067,0.0,0.9,1.1,0.0,0.0
"MULTILINESTRING ((139.6361269 35.4446182,139.6362881 35.4447919,139.636329 35.4448359))",1865,725,303,35.4446182,139.63612690000002,35.4448359,139.63632900000002,30.351,8.5,19.0,1,63.0,29.0,7.0,2.0,1,0,0,0,0,0.0,0.655172414,0.0099,0.0,1.4,1.1,0.0,0.0
"MULTILINESTRING ((139.636329 35.4448359,139.6363946 35.4447995,139.6371398 35.4443881,139.6371857 35.4443588))",1866,706,303,35.44435880000001,139.63718569999997,35.4448359,139.63632900000002,94.01799999999999,3.0,10.0,1,39.0,26.0,19.0,2.0,0,0,0,0,0,0.0,0.384615385,0.0,0.0,1.1,1.1,0.0,0.0
"MULTILINESTRING ((139.6354887 35.4453073,139.6355569 35.4452714,139.636329 35.4448359))",1867,634,303,35.44530730000001,139.6354887,35.4448359,139.63632900000002,92.427,4.0,10.5,1,63.0,39.7,8.0,2.0,0,0,0,0,0,0.0,0.264388489,0.0011,0.0,1.2,1.1,0.0,0.0
"MULTILINESTRING ((139.634685 35.4457588,139.6347617 35.4457162,139.6353511 35.445389,139.6354147 35.4453537))",1868,305,304,35.4457588,139.63468500000002,35.4453537,139.63541469999998,79.98999999999998,4.0,10.5,1,37.0,26.3,9.0,2.0,0,0,0,0,0,0.0,0.398734177,0.005,0.0,1.7,1.3,0.0,0.0
"MULTILINESTRING ((139.6373722 35.4445725,139.6373179 35.4446042,139.6365783 35.4450203,139.6365325 35.4450461))",1869,309,306,35.4445725,139.6373722,35.4450461,139.6365325,92.51799999999999,4.5,4.5,0,31.0,13.3,4.0,2.0,0,0,0,0,0,0.0,0.3375,0.0022,0.0,1.1,0.9,0.0,0.0
"MULTILINESTRING ((139.6356883 35.4455146,139.6357274 35.4454928,139.6365325 35.4450461))",1870,639,306,35.44551460000001,139.63568830000003,35.4450461,139.6365325,92.53200000000001,4.5,4.5,0,31.0,17.2,4.0,2.0,0,0,0,0,0,0.0,0.261818182,0.0011,0.0,1.0,0.9,0.0,0.0
"MULTILINESTRING ((139.6395276 35.4447903,139.6394766 35.4448195,139.6384917 35.4453754,139.6384459 35.4454013))",1871,308,307,35.4447903,139.63952759999998,35.4454013,139.6384459,119.23700000000001,5.5,5.5,0,0.0,0.0,0.0,0.0,1,0,0,0,0,0.0,0.0,-0.0034,0.0,0.6,1.0,0.0,0.0
"MULTILINESTRING ((139.6373722 35.4445725,139.6371857 35.4443588))",1872,706,309,35.44435880000001,139.63718569999997,35.4445725,139.6373722,29.156,6.5,17.0,1,19.0,19.0,19.0,1.0,0,0,0,0,0,0.0,0.894736842,0.0,0.0,1.1,1.1,0.0,0.0
"MULTILINESTRING ((139.6375769 35.4448046,139.6375325 35.4447526,139.637441 35.4446533,139.6373722 35.4445725))",1873,310,309,35.444804600000005,139.63757690000003,35.4445725,139.6373722,31.785,6.5,17.0,1,0.0,0.0,0.0,0.0,1,0,0,0,0,0.0,0.0,-0.0094,0.0,0.8,1.1,0.0,0.0
"MULTILINESTRING ((139.6354887 35.4453073,139.6352648 35.4451045,139.6352312 35.4450741,139.6352138 35.4450583))",2296,642,634,35.4450583,139.6352138,35.44530730000001,139.6354887,37.239000000000004,5.0,24.0,1,34.0,16.7,7.0,2.0,2,0,0,0,0,0.0,1.44,0.0054,0.0,1.4,1.2,0.0,0.0
"MULTILINESTRING ((139.6356883 35.4455146,139.6354887 35.4453073))",2297,639,634,35.44551460000001,139.63568830000003,35.44530730000001,139.6354887,29.296,5.0,24.0,1,0.0,0.0,0.0,0.0,2,0,0,0,0,0.0,0.0,-0.0068,0.0,1.0,1.2,0.0,0.0
"MULTILINESTRING ((139.635873 35.4457381,139.635805 35.4456559,139.6356883 35.4455146))",2304,645,639,35.4457381,139.635873,35.44551460000001,139.63568830000003,29.959,5.0,24.0,1,0.0,0.0,0.0,0.0,2,0,0,0,0,0.0,0.0,0.0033,0.0,1.1,1.0,0.0,0.0
"MULTILINESTRING ((139.6352138 35.4450583,139.6351914 35.4450401,139.6351569 35.4450121,139.634903 35.4448064))",2305,642,640,35.4450583,139.6352138,35.444806400000004,139.634903,39.714,5.0,24.0,1,0.0,0.0,0.0,0.0,0,0,1,0,0,0.0,0.0,-0.005,0.0,1.4,1.6,0.0,0.0
"MULTILINESTRING ((139.635873 35.4457381,139.6357839 35.4457953))",2308,647,645,35.4457953,139.6357839,35.4457381,139.635873,10.276,6.0,33.0,1,0.0,0.0,0.0,0.0,2,0,0,1,0,0.0,0.0,0.0195,0.0,1.3,1.1,0.0,0.0
"MULTILINESTRING ((139.6359145 35.4457963,139.635873 35.4457381))",2309,648,645,35.4457963,139.6359145,35.4457381,139.635873,7.484,5.0,24.0,1,0.0,0.0,0.0,0.0,2,0,0,1,0,0.0,0.0,0.0267,0.0,1.3,1.1,0.0,0.0
"MULTILINESTRING ((139.6359145 35.4457963,139.6360464 35.4457269,139.6367893 35.4453217))",2310,652,648,35.4453217,139.6367893,35.4457963,139.6359145,95.211,6.0,33.0,1,31.0,30.0,29.0,2.0,2,0,0,0,0,0.0,1.1,-0.0011,0.0,1.2,1.3,0.0,0.0
"MULTILINESTRING ((139.6359477 35.4459258,139.6359145 35.4457963))",2311,649,648,35.4459258,139.6359477,35.4457963,139.6359145,14.71,8.5,24.0,1,0.0,0.0,0.0,0.0,2,0,0,1,0,0.0,0.0,-0.0204,0.0,1.0,1.3,0.0,0.0
"MULTILINESTRING ((139.6367893 35.4453217,139.6378028 35.4447525,139.637865 35.4447201))",2313,654,652,35.4447201,139.63786499999998,35.4453217,139.6367893,118.20100000000001,6.0,33.0,1,30.0,30.0,30.0,2.0,2,0,0,0,0,0.0,1.1,-0.0025,0.0,0.9,1.2,0.0,1.0
"MULTILINESTRING ((139.637865 35.4447201,139.6379187 35.4446908,139.638837 35.4441662,139.638925 35.4441186,139.6389566 35.4441017))",2315,654,653,35.4447201,139.63786499999998,35.444101700000004,139.6389566,120.449,6.0,33.0,1,45.0,31.0,17.0,2.0,2,0,0,0,0,0.0,1.064516129,0.0,0.0,0.9,0.9,0.0,0.0
"MULTILINESTRING ((139.6389112 35.4440478,139.6389349 35.4440759,139.6389566 35.4441017))",2316,707,653,35.44404779999999,139.6389112,35.444101700000004,139.6389566,7.269,5.5,23.7,1,0.0,0.0,0.0,0.0,2,0,0,1,0,0.0,0.0,0.0,0.0,0.9,0.9,0.0,0.0
"MULTILINESTRING ((139.6374322 35.4488343,139.6374185 35.448807,139.6371208 35.4484237,139.637096 35.4483899))",2317,658,657,35.4488343,139.6374322,35.448389899999995,139.63709599999999,58.093999999999994,4.5,4.5,0,0.0,0.0,0.0,0.0,0,0,0,0,0,0.0,0.0,-0.0017,0.0,2.4,2.5,0.0,0.0
"MULTILINESTRING ((139.6377905 35.4493185,139.6377595 35.4492806,139.6374454 35.4488656,139.6374322 35.4488343))",2318,659,658,35.4493185,139.6377905,35.4488343,139.6374322,62.956,4.5,4.5,0,0.0,0.0,0.0,0.0,0,0,0,0,0,0.0,0.0,0.0,0.0,2.4,2.4,0.0,0.0
"MULTILINESTRING ((139.6381336 35.4430769,139.6388369 35.4439656,139.6389112 35.4440478))",2341,707,694,35.44404779999999,139.6389112,35.443076899999994,139.6381336,128.928,5.5,5.5,0,31.0,20.3,8.0,2.0,0,0,0,0,0,0.0,0.27049180300000003,-0.0039,0.0,0.9,1.4,0.0,0.0
"MULTILINESTRING ((139.6371857 35.4443588,139.6369853 35.4441293))",2348,724,706,35.44412929999999,139.63698530000002,35.44435880000001,139.63718569999997,31.318,6.5,17.0,1,40.0,39.7,39.7,1.0,2,0,0,0,0,0.0,0.428211587,-0.0032,0.0,1.0,1.1,0.0,0.0
"MULTILINESTRING ((139.6361269 35.4446182,139.6361826 35.4445865,139.6369438 35.4441529,139.6369853 35.4441293))",2357,725,724,35.4446182,139.63612690000002,35.44412929999999,139.63698530000002,94.88,5.0,5.0,0,42.0,29.9,9.0,2.0,0,0,0,0,0,0.0,0.167364017,0.0042,0.0,1.4,1.0,0.0,0.0
"MULTILINESTRING ((139.635682 35.4473125,139.6358436 35.4476033))",2363,728,15,35.4476033,139.6358436,35.4473125,139.635682,35.32800000000001,6.0,18.0,1,23.0,16.5,10.0,2.0,2,0,0,0,0,0.0,1.090909091,0.0028,0.0,0.9,0.8,0.0,0.0
"MULTILINESTRING ((139.6358436 35.4476033,139.6360062 35.447893))",2364,12,728,35.447893,139.6360062,35.4476033,139.6358436,35.269,6.0,18.0,1,28.0,15.0,4.0,2.0,2,0,0,0,0,0.0,1.2,0.0085,0.0,1.2,0.9,0.0,0.0
"MULTILINESTRING ((139.63662 35.4467904,139.6368199 35.4470609))",2365,729,16,35.4470609,139.6368199,35.4467904,139.63662,35.14,8.5,24.0,1,0.0,0.0,0.0,0.0,2,0,0,0,0,0.0,0.0,0.0057,0.0,1.2,1.0,0.0,0.0
"MULTILINESTRING ((139.6368199 35.4470609,139.6370181 35.4473158))",2366,2,729,35.4473158,139.63701809999998,35.4470609,139.6368199,35.47,8.5,24.0,1,0.0,0.0,0.0,0.0,2,0,0,0,0,0.0,0.0,0.0085,0.0,1.5,1.2,0.0,0.0
"MULTILINESTRING ((139.6358436 35.4476033,139.6368199 35.4470609))",2368,729,728,35.4470609,139.6368199,35.4476033,139.6358436,105.906,4.5,4.5,0,0.0,0.0,0.0,0.0,0,0,0,0,0,0.0,0.0,0.0028,0.0,1.2,0.9,0.0,0.0
"MULTILINESTRING ((139.6368199 35.4470609,139.6378412 35.4464858))",2369,730,729,35.4464858,139.63784119999997,35.4470609,139.6368199,105.29700000000001,4.5,4.5,0,0.0,0.0,0.0,0.0,0,0,0,0,0,0.0,0.0,0.0047,0.0,1.7,1.2,0.0,0.0
"MULTILINESTRING ((139.6378412 35.4464858,139.638886 35.4459065))",2370,731,730,35.4459065,139.638886,35.4464858,139.63784119999997,114.831,4.5,4.5,0,0.0,0.0,0.0,0.0,0,0,0,0,0,0.0,0.0,-0.0078,0.0,0.8,1.7,0.0,0.0
"MULTILINESTRING ((139.638886 35.4459065,139.6399402 35.4453157))",2371,732,731,35.4453157,139.63994019999998,35.4459065,139.638886,114.831,4.5,4.5,0,0.0,0.0,0.0,0.0,0,0,0,0,0,0.0,0.0,0.0,0.0,0.8,0.8,0.0,0.0
"MULTILINESTRING ((139.638059 35.4467315,139.6378412 35.4464858))",2372,730,13,35.4464858,139.63784119999997,35.4467315,139.638059,33.065,5.5,17.0,1,0.0,0.0,0.0,0.0,2,0,0,0,0,0.0,0.0,0.0091,0.0,1.7,1.4,0.0,0.0
"MULTILINESTRING ((139.6378412 35.4464858,139.6376047 35.4462247))",2373,17,730,35.4462247,139.63760469999997,35.4464858,139.63784119999997,36.047,5.5,17.0,1,0.0,0.0,0.0,0.0,2,0,0,0,0,0.0,0.0,-0.0194,0.0,1.0,1.7,0.0,0.0
"MULTILINESTRING ((139.6390996 35.4461509,139.638886 35.4459065))",2374,731,113,35.4459065,139.638886,35.4461509,139.6390996,33.381,4.5,15.0,1,29.0,20.3,10.0,2.0,2,0,0,0,0,0.0,0.740740741,-0.009000000000000001,0.0,0.8,1.1,1.0,0.0
"MULTILINESTRING ((139.638886 35.4459065,139.6386639 35.4456488))",2375,112,731,35.445648799999994,139.63866389999998,35.4459065,139.638886,34.855,4.5,15.0,1,27.0,18.5,10.0,1.0,2,0,0,0,0,0.0,0.810810811,0.0029,0.0,0.9,0.8,1.0,0.0
"MULTILINESTRING ((139.6400763 35.4454783,139.6399402 35.4453157))",2376,732,41,35.4453157,139.63994019999998,35.4454783,139.6400763,21.938000000000002,4.5,22.5,1,38.0,29.0,22.0,1.0,2,0,0,0,0,0.0,0.7758620690000001,0.0046,0.0,0.8,0.7,0.0,0.0
"MULTILINESTRING ((139.6399402 35.4453157,139.6397238 35.4450464))",2377,9,732,35.44504640000001,139.6397238,35.4453157,139.63994019999998,35.674,4.5,22.5,1,31.0,28.5,26.0,1.0,2,0,0,0,0,0.0,0.7894736840000001,0.0,0.0,0.8,0.8,0.0,0.0
"MULTILINESTRING ((139.63521887 35.44653448,139.6360664 35.4460781))",2383,736,735,35.4460781,139.6360664,35.44653448,139.6352189,92.41,5.0,5.0,0,0.0,0.0,0.0,0.0,0,0,0,0,0,0.0,0.0,-0.0032,0.0,0.9,1.2,0.0,0.0
"MULTILINESTRING ((139.6360664 35.4460781,139.6370017 35.4455599))",2384,737,736,35.4455599,139.6370017,35.4460781,139.6360664,102.839,4.5,4.5,0,0.0,0.0,0.0,0.0,0,0,0,0,0,0.0,0.0,0.0039,0.0,1.3,0.9,0.0,0.0
"MULTILINESTRING ((139.6370017 35.4455599,139.63806921 35.44497203))",2385,738,737,35.44497203,139.6380692,35.4455599,139.6370017,116.896,6.5,6.5,0,0.0,0.0,0.0,0.0,0,0,0,0,0,0.0,0.0,-0.0034,0.0,0.9,1.3,0.0,0.0
"MULTILINESTRING ((139.6353657 35.4467721,139.63521887 35.44653448))",2386,735,107,35.44653448,139.6352189,35.446772100000004,139.6353657,29.590999999999998,6.0,18.0,1,28.0,21.7,12.0,2.0,2,0,0,0,0,0.0,0.8307692309999999,0.0,0.0,1.2,1.2,0.0,0.0
"MULTILINESTRING ((139.63521887 35.44653448,139.6350535 35.4462722))",2387,621,735,35.44627220000001,139.6350535,35.44653448,139.6352189,32.814,6.0,18.0,1,31.0,22.0,13.0,2.0,2,0,0,0,0,0.0,0.818181818,0.0,0.0,1.2,1.2,0.0,0.0
"MULTILINESTRING ((139.6362462 35.4462925,139.6360664 35.4460781))",2388,736,108,35.4460781,139.6360664,35.4462925,139.6362462,28.826,8.5,24.0,1,0.0,0.0,0.0,0.0,2,0,0,0,0,0.0,0.0,-0.0035,0.0,0.9,1.0,0.0,0.0
"MULTILINESTRING ((139.6360664 35.4460781,139.6359477 35.4459258))",2389,649,736,35.4459258,139.6359477,35.4460781,139.6360664,20.069000000000003,8.5,24.0,1,0.0,0.0,0.0,0.0,2,0,0,0,0,0.0,0.0,0.005,0.0,1.0,0.9,0.0,0.0
"MULTILINESTRING ((139.6371917 35.4457669,139.6370017 35.4455599))",2390,737,72,35.4455599,139.6370017,35.4457669,139.6371917,28.625,5.5,17.0,1,0.0,0.0,0.0,0.0,2,0,0,0,0,0.0,0.0,-0.0035,0.0,1.3,1.4,0.0,0.0
"MULTILINESTRING ((139.6370017 35.4455599,139.6367893 35.4453217))",2391,652,737,35.4453217,139.6367893,35.4455599,139.6370017,32.688,5.5,17.0,1,0.0,0.0,0.0,0.0,2,0,0,0,0,0.0,0.0,-0.0031,0.0,1.2,1.3,0.0,0.0
"MULTILINESTRING ((139.6382499 35.4451782,139.63806921 35.44497203))",2392,738,109,35.44497203,139.6380692,35.4451782,139.6382499,27.995,4.5,15.0,1,45.0,25.0,10.0,2.0,2,0,0,0,0,0.0,0.6,0.0,0.0,0.9,0.9,1.0,0.0
"MULTILINESTRING ((139.63806921 35.44497203,139.637865 35.4447201))",2393,654,738,35.4447201,139.63786499999998,35.44497203,139.6380692,33.769,5.0,16.0,1,45.0,39.0,33.0,2.0,2,0,0,0,0,0.0,0.41025641,0.0,0.0,0.9,0.9,1.0,0.0
"MULTILINESTRING ((139.6350275 35.4462183,139.6348605 35.4459879))",2394,739,37,35.4459879,139.6348605,35.4462183,139.63502749999998,29.646,10.5,37.0,2,76.0,43.8,31.0,2.0,2,0,0,0,0,0.0,0.845714286,0.0,0.0,1.2,1.2,0.0,0.0
"MULTILINESTRING ((139.6348605 35.4459879,139.634685 35.4457588))",2395,305,739,35.4457588,139.63468500000002,35.4459879,139.6348605,30.0,10.5,37.0,2,76.0,43.8,31.0,2.0,2,0,0,0,0,0.0,0.845714286,0.0167,0.0,1.7,1.2,0.0,0.0
"MULTILINESTRING ((139.6357839 35.4457953,139.6356024 35.4455716))",2396,740,647,35.4455716,139.6356024,35.4457953,139.6357839,30.0,5.0,24.0,1,0.0,0.0,0.0,0.0,2,0,0,0,0,0.0,0.0,-0.01,0.0,1.0,1.3,0.0,0.0
"MULTILINESTRING ((139.6356024 35.4455716,139.6354147 35.4453537))",2397,304,740,35.4453537,139.63541469999998,35.4455716,139.6356024,28.39,5.0,24.0,1,0.0,0.0,0.0,0.0,2,0,0,0,0,0.0,0.0,0.0106,0.0,1.3,1.0,0.0,0.0
"MULTILINESTRING ((139.6348605 35.4459879,139.6356024 35.4455716))",2398,740,739,35.4455716,139.6356024,35.4459879,139.6348605,80.0,2.5,7.5,2,0.0,0.0,0.0,0.0,0,0,0,0,0,0.0,0.0,-0.0025,0.0,1.0,1.2,0.0,0.0
